match_id,B365H,B365D,B365A,odds_p_home,odds_p_draw
3890561,3.2,3.8,2.05,0.2939,0.2475
3890505,1.13,9.0,21.0,0.8479,0.1065
3890511,1.5,4.2,7.0,0.6364,0.2273
3890515,2.05,3.4,3.6,0.4603,0.2775
3890411,2.15,3.4,3.4,0.4416,0.2792
3890397,1.8,3.5,4.5,0.5224,0.2687
3890401,1.17,8.0,15.0,0.8168,0.1195
3890396,1.57,4.2,5.75,0.6072,0.227
3890384,1.2,7.5,12.0,0.7937,0.127
3890385,1.6,4.0,5.75,0.5959,0.2383
3890282,2.0,3.5,3.8,0.4767,0.2724
3890287,1.13,9.5,19.0,0.8486,0.1009
3890269,2.88,3.5,2.4,0.3308,0.2722
3890268,2.05,3.5,3.6,0.464,0.2718
3890402,2.63,3.5,2.63,0.3634,0.2731
3890564,2.0,3.5,3.8,0.4767,0.2724
3890563,1.5,4.33,6.5,0.634,0.2196
3890562,1.29,5.75,8.0,0.7217,0.1619
3890560,3.5,3.75,2.0,0.2715,0.2534
3890559,1.08,11.0,26.0,0.8774,0.0861
3890558,2.05,3.6,3.5,0.464,0.2642
3890557,2.0,3.75,3.5,0.4751,0.2534
3890556,2.3,4.0,2.75,0.4147,0.2385
3890555,1.75,3.6,5.0,0.5446,0.2648
3890554,2.8,3.75,2.38,0.3421,0.2554
3890553,7.0,4.75,1.45,0.137,0.2018
3890552,2.1,3.8,3.2,0.4527,0.2502
3890551,2.7,3.4,2.63,0.3545,0.2815
3890550,1.91,3.8,3.8,0.4987,0.2507
3890549,1.7,4.2,4.5,0.561,0.2271
3890548,15.0,7.0,1.18,0.0631,0.1352
3890547,3.4,3.75,2.05,0.2805,0.2543
3890546,2.05,3.6,3.5,0.464,0.2642
3890545,1.8,3.75,4.33,0.5275,0.2532
3890544,1.8,3.6,4.6,0.5287,0.2644
3890543,3.8,4.0,1.85,0.2497,0.2373
3890542,1.36,5.0,8.5,0.6983,0.1899
3890541,1.4,5.0,7.5,0.6818,0.1909
3890540,1.62,3.75,6.0,0.5875,0.2538
3890539,2.5,3.2,3.0,0.3825,0.2988
3890538,2.45,3.25,3.0,0.389,0.2933
3890537,2.88,3.3,2.5,0.3306,0.2885
3890536,1.62,4.2,5.25,0.5902,0.2277
3890535,1.8,3.75,4.33,0.5275,0.2532
3890534,3.0,3.3,2.4,0.3165,0.2878
3890533,9.0,4.5,1.4,0.1061,0.2121
3890532,1.91,3.4,4.33,0.4993,0.2805
3890531,1.95,3.3,4.33,0.4899,0.2895
3890530,4.75,4.2,1.65,0.1996,0.2258
3890529,2.6,3.5,2.63,0.3661,0.272
3890528,1.33,5.25,9.0,0.7137,0.1808
3890527,2.1,3.4,3.6,0.4543,0.2806
3890526,1.18,7.5,15.0,0.8091,0.1273
3890525,2.55,3.2,2.88,0.3728,0.2971
3890524,2.38,3.4,3.0,0.4011,0.2807
3890523,2.5,3.5,2.75,0.3812,0.2723
3890522,2.45,3.6,2.75,0.3889,0.2647
3890521,1.36,5.25,8.0,0.6998,0.1813
3890520,5.5,4.0,1.62,0.1733,0.2383
3890519,3.1,3.25,2.3,0.3029,0.2889
3890518,4.2,4.0,1.73,0.2233,0.2345
3890517,3.2,3.4,2.2,0.2945,0.2772
3890516,6.0,4.33,1.5,0.1566,0.217
3890514,2.05,3.4,3.5,0.4569,0.2755
3890513,2.2,3.4,3.25,0.4303,0.2784
3890512,2.3,3.25,3.1,0.4082,0.2889
3890510,1.83,3.6,4.33,0.5179,0.2633
3890509,2.38,3.3,3.1,0.4018,0.2898
3890508,2.75,3.0,2.7,0.3407,0.3123
3890507,1.2,7.0,13.0,0.7913,0.1357
3890506,3.4,3.3,2.2,0.2797,0.2881
3890504,3.1,3.25,2.38,0.3071,0.2929
3890503,2.1,3.4,3.6,0.4543,0.2806
3890502,2.0,3.2,4.0,0.4706,0.2941
3890501,6.5,4.33,1.5,0.1463,0.2196
3890500,2.3,3.5,2.9,0.4081,0.2682
3890499,2.25,3.4,3.2,0.4229,0.2798
3890498,1.44,4.33,8.0,0.6611,0.2199
3890497,1.85,3.6,4.33,0.5152,0.2647
3890496,2.05,3.2,4.0,0.4644,0.2975
3890495,11.0,5.0,1.29,0.0853,0.1876
3890494,2.38,3.4,3.0,0.4011,0.2807
3890493,2.45,3.5,2.8,0.3883,0.2718
3890492,1.67,3.75,5.5,0.5718,0.2546
3890491,1.36,5.0,8.5,0.6983,0.1899
3890490,3.5,3.3,2.15,0.2711,0.2875
3890489,1.13,9.0,21.0,0.8479,0.1065
3890488,1.57,4.33,5.5,0.6068,0.22
3890487,2.8,3.1,2.7,0.3401,0.3072
3890486,3.4,3.6,2.1,0.2806,0.265
3890485,3.0,3.2,2.5,0.3187,0.2988
3890484,2.4,3.2,3.0,0.3922,0.2941
3890483,2.88,3.1,2.63,0.3307,0.3072
3890482,1.75,3.6,5.0,0.5446,0.2648
3890481,3.1,3.4,2.3,0.3068,0.2797
3890480,2.4,3.2,3.1,0.3962,0.2971
3890479,2.5,3.2,3.0,0.3825,0.2988
3890478,1.73,3.8,4.75,0.5496,0.2502
3890477,2.9,3.3,2.5,0.3291,0.2892
3890476,1.91,3.6,4.0,0.498,0.2642
3890475,1.95,3.75,3.6,0.485,0.2522
3890474,1.13,9.0,21.0,0.8479,0.1065
3890473,1.85,3.6,4.33,0.5152,0.2647
3890472,1.44,4.75,7.0,0.6627,0.2009
3890471,2.05,3.8,3.4,0.4668,0.2518
3890470,1.85,3.6,4.33,0.5152,0.2647
3890469,2.25,3.4,3.3,0.4267,0.2824
3890468,8.0,4.75,1.4,0.1191,0.2005
3890467,2.5,3.1,3.0,0.3788,0.3055
3890466,4.2,3.75,1.85,0.2278,0.2551
3890465,3.2,3.4,2.25,0.2973,0.2798
3890464,1.18,7.0,17.0,0.8078,0.1362
3890463,3.75,3.5,2.0,0.2534,0.2715
3890462,2.7,3.4,2.6,0.353,0.2804
3890461,2.4,3.0,3.3,0.3957,0.3165
3890460,1.53,4.0,6.5,0.6181,0.2364
3890459,2.1,3.4,3.6,0.4543,0.2806
3890458,9.0,4.5,1.4,0.1061,0.2121
3890457,2.1,3.3,3.75,0.4553,0.2897
3890456,3.4,3.5,2.1,0.2785,0.2706
3890455,2.15,3.75,3.1,0.4411,0.2529
3890454,2.63,3.3,2.75,0.3632,0.2895
3890453,1.08,12.0,26.0,0.8838,0.0795
3890452,2.4,3.4,2.9,0.3947,0.2786
3890451,2.75,3.3,2.6,0.3459,0.2882
3890450,1.91,3.6,4.0,0.498,0.2642
3890449,2.1,3.3,3.6,0.4505,0.2867
3890448,2.25,3.5,3.0,0.4179,0.2687
3890447,3.3,3.6,2.1,0.2867,0.2628
3890446,13.0,6.0,1.22,0.0723,0.1568
3890445,1.73,3.6,5.25,0.5525,0.2655
3890444,4.75,3.75,1.75,0.2008,0.2543
3890443,2.2,3.5,3.25,0.4337,0.2726
3890442,1.14,8.5,17.0,0.8325,0.1117
3890441,2.1,3.5,3.5,0.4545,0.2727
3890440,1.91,3.8,3.8,0.4987,0.2507
3890439,2.9,3.4,2.45,0.3293,0.2809
3890438,2.5,3.2,3.0,0.3825,0.2988
3890437,2.0,3.3,4.0,0.4748,0.2878
3890436,2.5,3.1,3.1,0.3827,0.3086
3890435,6.5,4.33,1.5,0.1463,0.2196
3890434,2.75,3.3,2.6,0.3459,0.2882
3890433,2.7,3.6,2.5,0.3534,0.265
3890432,2.45,3.5,2.8,0.3883,0.2718
3890431,5.25,4.2,1.6,0.1808,0.226
3890430,1.7,4.0,4.5,0.5547,0.2357
3890429,1.57,4.0,5.75,0.6004,0.2357
3890428,1.08,13.0,21.0,0.8814,0.0732
3890427,1.25,6.0,12.0,0.7619,0.1587
3890426,1.95,3.6,4.0,0.4928,0.2669
3890425,2.5,3.3,2.8,0.3773,0.2858
3890424,3.4,3.4,2.15,0.2792,0.2792
3890423,1.95,3.6,3.8,0.4867,0.2636
3890422,1.17,7.0,19.0,0.8139,0.136
3890421,2.6,3.4,2.7,0.3666,0.2804
3890420,3.6,3.5,2.05,0.2642,0.2718
3890419,1.67,4.0,5.0,0.5709,0.2384
3890418,2.3,3.3,3.2,0.414,0.2885
3890417,4.5,4.2,1.7,0.2119,0.2271
3890416,2.4,3.2,3.1,0.3962,0.2971
3890415,4.33,3.8,1.8,0.22,0.2507
3890414,2.2,3.3,3.4,0.4322,0.2881
3890413,2.15,3.5,3.3,0.4413,0.2711
3890412,13.0,6.5,1.22,0.0732,0.1465
3890410,1.5,4.33,6.5,0.634,0.2196
3890409,4.75,3.5,1.8,0.2002,0.2716
3890408,3.5,3.6,2.0,0.2687,0.2612
3890407,15.0,6.5,1.2,0.0633,0.146
3890406,7.0,4.75,1.44,0.1363,0.2009
3890405,2.25,3.4,3.2,0.4229,0.2798
3890404,2.4,3.3,3.0,0.3957,0.2878
3890403,1.67,4.0,5.0,0.5709,0.2384
3890400,2.5,3.3,2.88,0.3809,0.2885
3890399,1.07,13.0,29.0,0.8935,0.0735
3890398,3.1,3.1,2.5,0.3086,0.3086
3890395,1.95,3.75,3.75,0.4902,0.2549
3890394,2.05,3.6,3.5,0.464,0.2642
3890393,1.91,3.4,4.33,0.4993,0.2805
3890392,1.95,3.75,3.75,0.4902,0.2549
3890391,2.2,3.3,3.4,0.4322,0.2881
3890390,3.75,3.4,2.05,0.2543,0.2805
3890389,2.25,3.3,3.3,0.4231,0.2885
3890388,4.0,4.33,1.75,0.2376,0.2195
3890387,9.0,5.25,1.33,0.1055,0.1808
3890386,2.25,3.4,3.2,0.4229,0.2798
3890383,3.3,3.4,2.2,0.2881,0.2797
3890382,1.62,4.2,5.25,0.5902,0.2277
3890381,2.2,3.5,3.2,0.4318,0.2714
3890380,2.6,3.2,2.8,0.3648,0.2964
3890379,2.25,3.4,3.2,0.4229,0.2798
3890378,1.08,11.0,26.0,0.8774,0.0861
3890377,3.1,3.5,2.25,0.3064,0.2714
3890376,2.9,3.1,2.6,0.3278,0.3066
3890375,2.0,3.5,3.8,0.4767,0.2724
3890374,2.05,3.25,4.0,0.4666,0.2943
3890373,1.5,4.2,7.0,0.6364,0.2273
3890372,1.95,3.8,3.6,0.4867,0.2497
3890371,2.15,3.5,3.3,0.4413,0.2711
3890370,3.8,3.6,1.95,0.2497,0.2636
3890369,13.0,6.5,1.22,0.0732,0.1465
3890368,1.57,4.0,5.75,0.6004,0.2357
3890367,8.5,5.0,1.36,0.1117,0.1899
3890366,2.2,3.4,3.3,0.4322,0.2797
3890365,1.3,6.0,8.5,0.7301,0.1582
3890364,1.1,11.0,21.0,0.8678,0.0868
3890363,1.62,3.8,6.0,0.5895,0.2513
3890362,2.1,3.6,3.4,0.4543,0.265
3890361,3.3,3.6,2.15,0.2897,0.2656
3890360,2.75,3.0,2.8,0.345,0.3162
3890359,1.5,4.33,6.5,0.634,0.2196
3890358,2.63,3.3,2.7,0.3609,0.2876
3890357,1.67,4.0,5.0,0.5709,0.2384
3890356,2.0,3.3,4.0,0.4748,0.2878
3890355,1.8,3.5,4.75,0.5282,0.2716
3890354,2.3,3.4,3.1,0.4135,0.2797
3890353,7.5,5.0,1.4,0.1273,0.1909
3890352,2.05,3.5,3.4,0.4569,0.2676
3890351,3.0,3.3,2.4,0.3165,0.2878
3890350,2.63,3.4,2.7,0.364,0.2815
3890349,15.0,8.0,1.17,0.0637,0.1195
3890348,2.15,3.5,3.3,0.4413,0.2711
3890347,1.2,7.0,13.0,0.7913,0.1357
3890346,1.57,4.33,5.5,0.6068,0.22
3890345,2.5,3.4,2.8,0.3805,0.2798
3890344,2.05,3.5,3.6,0.464,0.2718
3890343,2.4,3.2,3.1,0.3962,0.2971
3890342,4.75,3.75,1.75,0.2008,0.2543
3890341,1.1,9.0,29.0,0.862,0.1054
3890340,2.1,3.6,3.4,0.4543,0.265
3890339,1.95,3.5,4.0,0.4891,0.2725
3890338,1.8,3.75,4.33,0.5275,0.2532
3890337,4.75,3.5,1.8,0.2002,0.2716
3890336,1.75,3.75,4.75,0.5449,0.2543
3890335,1.62,4.33,5.0,0.5889,0.2203
3890334,2.45,3.4,2.88,0.3889,0.2802
3890333,1.8,3.5,4.75,0.5282,0.2716
3890332,17.0,7.0,1.18,0.0561,0.1362
3890331,5.75,4.75,1.5,0.1655,0.2003
3890330,1.4,4.75,8.0,0.6804,0.2005
3890329,1.5,4.33,6.5,0.634,0.2196
3890328,1.73,3.8,4.8,0.5508,0.2507
3890327,2.45,3.75,2.65,0.3879,0.2534
3890326,2.5,3.25,2.9,0.38,0.2923
3890325,2.6,3.4,2.7,0.3666,0.2804
3890324,2.2,3.2,3.5,0.4318,0.2968
3890323,2.6,3.4,2.7,0.3666,0.2804
3890322,3.1,3.25,2.4,0.3081,0.2939
3890321,1.14,8.5,17.0,0.8325,0.1117
3890320,1.95,3.5,4.0,0.4891,0.2725
3890319,1.4,4.75,8.0,0.6804,0.2005
3890318,2.1,3.5,3.4,0.4509,0.2706
3890317,2.88,3.5,2.4,0.3308,0.2722
3890316,12.0,6.0,1.25,0.0794,0.1587
3890315,3.8,3.6,1.95,0.2497,0.2636
3890314,2.25,3.5,3.1,0.4222,0.2714
3890313,2.05,3.3,3.8,0.4628,0.2875
3890312,1.53,4.33,6.0,0.6218,0.2197
3890311,1.83,3.8,4.2,0.5216,0.2512
3890310,7.0,4.75,1.44,0.1363,0.2009
3890309,2.88,3.5,2.4,0.3308,0.2722
3890308,2.15,3.4,3.4,0.4416,0.2792
3890307,2.63,3.25,2.8,0.3638,0.2944
3890306,2.38,3.25,3.1,0.4,0.2929
3890305,1.25,6.0,12.0,0.7619,0.1587
3890304,2.3,3.3,3.25,0.4159,0.2898
3890303,2.63,3.5,2.6,0.3619,0.272
3890302,2.0,3.5,3.75,0.4751,0.2715
3890301,1.73,4.0,4.5,0.5504,0.238
3890300,2.05,3.5,3.6,0.464,0.2718
3890299,2.4,3.3,3.0,0.3957,0.2878
3890298,1.5,4.33,6.5,0.634,0.2196
3890297,2.5,3.5,2.75,0.3812,0.2723
3890296,19.0,7.0,1.17,0.0501,0.136
3890295,2.15,3.5,3.3,0.4413,0.2711
3890294,1.95,3.75,3.75,0.4902,0.2549
3890293,1.85,3.75,4.2,0.5171,0.2551
3890292,7.5,4.5,1.44,0.127,0.2116
3890291,4.0,3.6,1.91,0.2378,0.2642
3890290,2.5,3.4,2.8,0.3805,0.2798
3890289,2.3,3.3,3.2,0.414,0.2885
3890288,1.25,6.0,13.0,0.7666,0.1597
3890286,1.67,4.0,5.0,0.5709,0.2384
3890285,3.2,3.4,2.25,0.2973,0.2798
3890284,1.2,6.5,17.0,0.7967,0.1471
3890283,3.0,3.3,2.4,0.3165,0.2878
3890281,2.0,3.4,3.8,0.4729,0.2782
3890280,1.83,3.5,4.5,0.5183,0.271
3890279,1.95,3.6,3.8,0.4867,0.2636
3890278,1.33,5.25,9.0,0.7137,0.1808
3890277,2.0,3.8,3.5,0.4767,0.2509
3890276,1.67,4.0,5.0,0.5709,0.2384
3890275,7.0,4.5,1.45,0.1354,0.2107
3890274,4.2,3.8,1.83,0.2273,0.2512
3890273,4.2,3.75,1.83,0.2265,0.2537
3890272,2.25,3.4,3.25,0.4248,0.2811
3890271,1.44,4.5,7.5,0.6614,0.2116
3890270,9.5,6.0,1.25,0.0982,0.1555
3890267,1.44,4.75,7.0,0.6627,0.2009
3890266,2.05,3.3,3.8,0.4628,0.2875
3890265,2.0,3.4,3.9,0.476,0.28
3890264,3.0,3.4,2.38,0.3182,0.2807
3890263,2.05,3.4,3.75,0.4652,0.2805
3890262,2.5,3.3,2.9,0.3817,0.2892
3890261,1.73,3.75,5.0,0.5533,0.2553
3890260,1.5,4.33,6.5,0.634,0.2196
3890259,1.08,11.0,29.0,0.8807,0.0865
3825848,2.38,3.1,3.25,0.4,0.3071
3825895,3.3,3.4,2.2,0.2881,0.2797
3825894,2.3,3.3,3.2,0.414,0.2885
3825855,2.2,3.2,3.5,0.4318,0.2968
3825908,2.0,3.6,3.7,0.4771,0.265
3825883,1.8,3.75,4.5,0.5319,0.2553
3825900,1.44,4.5,7.5,0.6614,0.2116
3825902,1.33,5.25,9.0,0.7137,0.1808
3825876,5.0,3.8,1.7,0.1902,0.2503
3825846,13.0,8.0,1.18,0.0733,0.1191
3825869,1.33,5.75,8.0,0.7155,0.1655
3825882,1.75,3.75,4.5,0.5389,0.2515
3825849,1.95,3.75,3.75,0.4902,0.2549
3825860,17.0,6.5,1.2,0.0562,0.1471
3825847,2.25,3.2,3.4,0.4229,0.2973
3825817,2.1,3.25,3.75,0.4533,0.2929
3825778,2.05,3.3,3.8,0.4628,0.2875
3825777,2.2,3.3,3.4,0.4322,0.2881
3825740,1.83,3.5,4.5,0.5183,0.271
3825875,1.73,3.75,5.0,0.5533,0.2553
3825884,1.5,4.33,6.5,0.634,0.2196
3825842,3.4,3.2,2.25,0.2798,0.2973
3825890,1.33,5.0,11.0,0.721,0.1918
3825871,2.25,3.3,3.3,0.4231,0.2885
3825896,1.95,3.5,3.8,0.483,0.2691
3825841,1.53,4.2,6.0,0.6176,0.225
3825843,1.85,3.75,4.2,0.5171,0.2551
3825839,3.1,3.4,2.3,0.3068,0.2797
3825838,4.0,3.3,2.0,0.2374,0.2878
3825840,1.62,4.2,5.25,0.5902,0.2277
3825837,2.1,3.5,3.5,0.4545,0.2727
3825836,2.6,3.3,2.75,0.3659,0.2882
3825835,2.3,3.25,3.25,0.414,0.293
3825834,1.22,6.0,15.0,0.7784,0.1583
3825906,1.53,4.2,6.0,0.6176,0.225
3825897,2.7,3.25,2.7,0.3533,0.2935
3825889,1.6,4.2,5.5,0.5981,0.2279
3825833,9.5,6.0,1.29,0.1005,0.1592
3825857,2.45,3.3,3.0,0.3908,0.2901
3825863,2.05,3.3,3.6,0.4565,0.2836
3825829,1.53,4.0,6.0,0.6107,0.2336
3825830,1.5,3.8,7.5,0.6271,0.2475
3825832,3.1,3.25,2.3,0.3029,0.2889
3825831,2.2,3.4,3.2,0.4283,0.2772
3825828,4.0,3.1,2.05,0.2358,0.3042
3825827,2.05,3.25,3.75,0.4593,0.2897
3825826,2.3,3.2,3.3,0.414,0.2975
3825825,2.1,3.25,3.75,0.4533,0.2929
3825824,3.1,3.0,2.55,0.3078,0.318
3825823,1.62,4.0,5.5,0.5884,0.2383
3825905,1.85,3.4,4.75,0.5172,0.2814
3825822,2.38,3.25,3.1,0.4,0.2929
3825821,3.1,3.4,2.3,0.3068,0.2797
3825820,1.33,5.5,8.5,0.7152,0.1729
3825819,2.3,3.5,3.0,0.4126,0.2711
3825818,1.67,3.5,6.0,0.5696,0.2718
3825887,2.15,3.4,3.4,0.4416,0.2792
3825907,8.5,3.6,1.53,0.1121,0.2648
3825903,2.6,3.1,2.9,0.3656,0.3066
3825816,1.73,3.75,5.0,0.5533,0.2553
3825815,2.63,3.25,2.8,0.3638,0.2944
3825858,2.2,3.6,3.1,0.4309,0.2633
3825813,1.25,5.5,15.0,0.763,0.1734
3825814,2.1,3.4,3.5,0.4509,0.2785
3825812,1.62,3.8,6.0,0.5895,0.2513
3825811,1.95,3.5,4.0,0.4891,0.2725
3825807,4.0,3.3,2.0,0.2374,0.2878
3825809,2.1,3.4,3.6,0.4543,0.2806
3825810,1.57,3.75,7.0,0.6087,0.2548
3825808,4.0,3.3,2.0,0.2374,0.2878
3825804,2.5,3.1,3.0,0.3788,0.3055
3825867,3.8,3.5,2.0,0.2509,0.2724
3825805,1.62,3.75,6.0,0.5875,0.2538
3825784,1.53,3.8,7.5,0.6224,0.2506
3825782,2.88,3.2,2.55,0.3301,0.2971
3825757,1.1,11.0,21.0,0.8678,0.0868
3825641,1.53,4.0,7.0,0.6246,0.2389
3825803,2.1,3.3,3.75,0.4553,0.2897
3825800,2.2,3.3,3.4,0.4322,0.2881
3825801,1.4,4.75,8.0,0.6804,0.2005
3825799,2.05,3.3,3.8,0.4628,0.2875
3825797,1.53,4.0,7.0,0.6246,0.2389
3825798,7.0,4.75,1.44,0.1363,0.2009
3825796,2.05,3.4,3.75,0.4652,0.2805
3825795,1.4,4.33,9.0,0.6762,0.2186
3825793,2.3,3.2,3.3,0.414,0.2975
3825792,1.8,3.5,4.75,0.5282,0.2716
3825794,1.67,3.6,5.75,0.57,0.2644
3825788,3.2,3.3,2.3,0.2975,0.2885
3825791,2.2,3.3,3.4,0.4322,0.2881
3825790,2.3,3.2,3.3,0.414,0.2975
3825787,1.73,3.6,5.25,0.5525,0.2655
3825789,2.2,3.25,3.5,0.4337,0.2936
3825786,1.75,3.6,5.0,0.5446,0.2648
3825781,3.1,3.6,2.2,0.3058,0.2633
3825785,4.75,3.8,1.73,0.2002,0.2502
3825783,1.8,3.5,4.75,0.5282,0.2716
3825780,2.38,3.3,3.0,0.3977,0.2868
3825779,2.0,3.5,3.8,0.4767,0.2724
3825773,1.8,3.5,4.75,0.5282,0.2716
3825776,1.33,5.0,10.0,0.7148,0.1901
3825775,1.53,4.0,6.5,0.6181,0.2364
3825769,2.05,3.3,3.8,0.4628,0.2875
3825770,1.29,6.0,9.5,0.7403,0.1592
3825768,2.38,3.4,3.0,0.4011,0.2807
3825736,1.62,4.0,5.5,0.5884,0.2383
3825731,2.7,3.1,2.8,0.3527,0.3072
3825685,2.3,3.3,3.25,0.4159,0.2898
3825678,7.5,5.0,1.4,0.1273,0.1909
3825643,1.09,11.0,23.0,0.8722,0.0864
3825642,5.5,3.4,1.7,0.1709,0.2764
3825638,1.57,3.8,6.5,0.6043,0.2497
3825614,2.6,3.2,2.8,0.3648,0.2964
3825612,1.95,3.3,4.2,0.4866,0.2875
3825607,2.9,3.1,2.6,0.3278,0.3066
3825595,2.0,3.5,3.75,0.4751,0.2715
3825579,2.8,3.2,2.63,0.3402,0.2977
3825572,1.1,10.0,26.0,0.8678,0.0955
3825774,6.5,3.8,1.57,0.146,0.2497
3825772,1.75,3.6,5.0,0.5446,0.2648
3825771,1.8,3.5,4.75,0.5282,0.2716
3825767,2.7,3.1,2.8,0.3527,0.3072
3825706,2.38,3.3,2.9,0.3934,0.2837
3825712,2.5,3.2,2.88,0.3775,0.2949
3825708,2.75,3.0,2.75,0.3429,0.3143
3825707,2.0,3.3,3.75,0.4674,0.2833
3825705,1.85,3.5,4.2,0.5079,0.2684
3825711,6.5,3.8,1.53,0.1437,0.2458
3825703,1.4,4.5,9.0,0.6818,0.2121
3825700,1.1,11.0,21.0,0.8678,0.0868
3825701,5.25,3.5,1.75,0.1818,0.2727
3825702,2.4,3.2,3.1,0.3962,0.2971
3825704,3.2,3.3,2.3,0.2975,0.2885
3825891,2.05,3.4,3.75,0.4652,0.2805
3825699,3.75,3.5,2.0,0.2534,0.2715
3825697,1.67,3.75,5.5,0.5718,0.2546
3825698,2.0,3.3,4.0,0.4748,0.2878
3825694,2.45,3.2,3.0,0.3873,0.2965
3825693,1.57,3.75,7.0,0.6087,0.2548
3825696,2.3,3.25,3.25,0.414,0.293
3825695,5.0,4.2,1.65,0.1915,0.228
3825689,1.53,4.33,6.0,0.6218,0.2197
3825690,2.15,3.3,3.5,0.4413,0.2875
3825692,1.36,5.0,8.5,0.6983,0.1899
3825691,2.1,3.1,4.0,0.454,0.3076
3825688,2.88,3.2,2.6,0.3325,0.2992
3825687,2.0,3.5,3.8,0.4767,0.2724
3825683,1.85,3.5,4.5,0.5155,0.2725
3825686,1.45,4.33,7.5,0.6544,0.2191
3825684,1.57,3.8,6.5,0.6043,0.2497
3825681,1.1,11.0,21.0,0.8678,0.0868
3825682,7.0,3.75,1.57,0.1365,0.2548
3825680,3.0,3.3,2.4,0.3165,0.2878
3825677,1.75,4.0,4.33,0.543,0.2376
3825675,3.1,3.4,2.3,0.3068,0.2797
3825676,3.0,3.3,2.4,0.3165,0.2878
3825674,1.22,6.0,15.0,0.7784,0.1583
3825673,2.3,3.3,3.2,0.414,0.2885
3825671,1.4,5.0,7.5,0.6818,0.1909
3825672,1.83,3.4,4.75,0.5199,0.2798
3825670,2.05,3.4,3.75,0.4652,0.2805
3825669,2.4,3.3,3.0,0.3957,0.2878
3825668,2.2,3.2,3.5,0.4318,0.2968
3825666,5.5,3.8,1.67,0.1742,0.2521
3825665,3.75,3.3,2.1,0.255,0.2897
3825667,1.53,4.0,7.0,0.6246,0.2389
3825664,2.63,3.3,2.7,0.3609,0.2876
3825662,3.3,3.4,2.2,0.2881,0.2797
3825888,1.44,4.2,7.5,0.6515,0.2234
3825663,2.4,3.2,3.1,0.3962,0.2971
3825659,1.44,4.5,7.5,0.6614,0.2116
3825658,1.2,6.5,17.0,0.7967,0.1471
3825660,1.3,5.5,10.0,0.7319,0.173
3825661,3.6,4.0,1.91,0.2642,0.2378
3825656,2.6,3.1,2.9,0.3656,0.3066
3825657,1.95,3.5,4.0,0.4891,0.2725
3825652,2.75,3.1,2.75,0.3464,0.3073
3825623,1.62,3.75,6.0,0.5875,0.2538
3825626,2.0,3.3,4.0,0.4748,0.2878
3825616,2.38,3.1,3.3,0.4018,0.3085
3825608,3.75,3.4,2.05,0.2543,0.2805
3825601,2.25,3.4,3.2,0.4229,0.2798
3825899,3.2,3.3,2.3,0.2975,0.2885
3825852,1.95,3.5,4.0,0.4891,0.2725
3825647,1.44,4.5,7.5,0.6614,0.2116
3825637,1.11,10.0,19.0,0.8551,0.0949
3825628,2.15,3.2,3.6,0.4407,0.2961
3825619,4.33,3.4,1.91,0.2202,0.2805
3825618,2.1,3.3,3.75,0.4553,0.2897
3825611,2.1,3.3,3.75,0.4553,0.2897
3825609,2.4,3.2,3.0,0.3922,0.2941
3825598,1.25,5.5,15.0,0.763,0.1734
3825584,3.5,3.1,2.25,0.2714,0.3064
3825570,1.91,3.3,4.5,0.4992,0.2889
3825562,3.4,3.4,2.15,0.2792,0.2792
3825904,2.1,3.6,3.4,0.4543,0.265
3825901,1.2,7.5,11.0,0.788,0.1261
3825898,1.75,3.8,4.75,0.5468,0.2518
3825893,1.22,7.0,11.0,0.7781,0.1356
3825892,2.4,3.1,3.2,0.3962,0.3067
3825886,8.5,5.5,1.33,0.1119,0.1729
3825885,1.91,3.6,4.0,0.498,0.2642
3825881,2.15,3.3,3.5,0.4413,0.2875
3825880,1.91,3.4,4.33,0.4993,0.2805
3825879,9.5,5.25,1.33,0.1005,0.1818
3825878,1.33,5.0,10.0,0.7148,0.1901
3825877,1.44,4.33,8.0,0.6611,0.2199
3825874,1.44,4.33,8.0,0.6611,0.2199
3825873,2.2,3.3,3.4,0.4322,0.2881
3825872,1.4,4.33,10.0,0.6834,0.221
3825870,1.85,3.6,4.33,0.5152,0.2647
3825868,1.53,4.33,6.0,0.6218,0.2197
3825866,4.0,3.6,1.91,0.2378,0.2642
3825865,2.1,3.6,3.4,0.4543,0.265
3825864,5.0,4.0,1.67,0.1907,0.2384
3825862,2.38,3.3,3.0,0.3977,0.2868
3825861,3.5,3.6,2.05,0.2718,0.2642
3825859,1.6,3.8,6.0,0.5925,0.2495
3825856,1.17,7.5,13.0,0.8026,0.1252
3825854,1.6,3.8,5.75,0.5885,0.2478
3825853,2.88,3.75,2.3,0.3311,0.2543
3825851,2.45,3.1,3.1,0.3875,0.3062
3825850,1.5,4.2,7.0,0.6364,0.2273
3825845,2.3,3.3,3.1,0.41,0.2858
3825844,1.44,4.33,8.0,0.6611,0.2199
3825806,1.3,6.0,8.0,0.7251,0.1571
3825802,1.95,3.5,4.0,0.4891,0.2725
3825679,3.3,3.5,2.15,0.2875,0.2711
3825655,1.95,3.5,4.0,0.4891,0.2725
3825654,1.85,3.75,4.2,0.5171,0.2551
3825653,2.1,3.25,3.75,0.4533,0.2929
3825651,2.0,3.3,4.0,0.4748,0.2878
3825650,3.25,3.25,2.3,0.293,0.293
3825649,2.38,3.2,3.2,0.402,0.299
3825648,2.2,3.4,3.3,0.4322,0.2797
3825765,3.2,3.3,2.3,0.2975,0.2885
3825766,2.63,3.1,2.88,0.3621,0.3072
3825764,12.0,6.0,1.25,0.0794,0.1587
3825760,1.36,4.5,9.5,0.6919,0.2091
3825763,1.91,3.6,4.0,0.498,0.2642
3825761,1.83,3.6,4.5,0.5222,0.2654
3825762,2.5,3.25,2.9,0.38,0.2923
3825759,1.57,3.75,6.5,0.6023,0.2522
3825758,1.91,3.6,4.0,0.498,0.2642
3825756,1.33,5.0,10.0,0.7148,0.1901
3825755,1.75,3.75,4.75,0.5449,0.2543
3825754,2.38,3.3,3.1,0.4018,0.2898
3825750,1.67,3.75,5.5,0.5718,0.2546
3825752,2.38,3.25,3.0,0.3959,0.2899
3825751,3.4,3.3,2.2,0.2797,0.2881
3825753,1.44,4.5,7.5,0.6614,0.2116
3825749,2.38,3.1,3.25,0.4,0.3071
3825747,1.67,3.75,5.5,0.5718,0.2546
3825748,1.67,3.5,6.0,0.5696,0.2718
3825745,2.25,3.3,3.3,0.4231,0.2885
3825746,9.5,5.75,1.3,0.1004,0.1659
3825743,2.7,3.4,2.63,0.3545,0.2815
3825744,2.9,3.2,2.55,0.3286,0.2978
3825742,2.63,3.1,2.88,0.3621,0.3072
3825741,3.1,3.2,2.45,0.3092,0.2995
3825739,1.05,17.0,26.0,0.9073,0.056
3825738,6.5,3.6,1.62,0.1467,0.2648
3825737,2.2,3.2,3.5,0.4318,0.2968
3825734,1.95,3.3,4.2,0.4866,0.2875
3825733,1.67,3.8,5.25,0.569,0.25
3825732,1.62,3.8,6.0,0.5895,0.2513
3825735,1.45,4.33,8.0,0.6596,0.2209
3825729,1.5,4.33,6.5,0.634,0.2196
3825728,4.5,3.5,1.8,0.209,0.2687
3825730,2.25,3.3,3.3,0.4231,0.2885
3825727,2.0,3.3,4.0,0.4748,0.2878
3825723,2.15,3.4,3.4,0.4416,0.2792
3825726,2.1,3.5,3.5,0.4545,0.2727
3825725,1.95,3.5,4.0,0.4891,0.2725
3825724,1.11,9.0,21.0,0.8502,0.1049
3825722,2.25,3.3,3.3,0.4231,0.2885
3825716,2.63,3.3,2.75,0.3632,0.2895
3825719,1.36,5.0,8.5,0.6983,0.1899
3825720,2.4,3.25,3.1,0.398,0.2939
3825717,4.33,3.6,1.85,0.2201,0.2647
3825721,2.7,3.2,2.7,0.3516,0.2967
3825718,6.0,4.33,1.53,0.1585,0.2197
3825715,2.4,3.3,3.0,0.3957,0.2878
3825714,1.2,6.5,17.0,0.7967,0.1471
3825713,1.8,3.5,4.5,0.5224,0.2687
3825710,1.1,10.0,19.0,0.8562,0.0942
3825709,1.4,4.75,7.0,0.669,0.1972
3825646,2.25,3.4,3.25,0.4248,0.2811
3825645,10.0,5.75,1.29,0.0953,0.1658
3825644,2.7,3.2,2.75,0.3539,0.2986
3825640,2.63,3.2,2.8,0.3622,0.2977
3825639,3.5,3.25,2.2,0.2726,0.2936
3825636,2.25,3.25,3.4,0.4248,0.2941
3825635,3.8,3.8,1.91,0.2507,0.2507
3825634,2.3,3.25,3.25,0.414,0.293
3825633,2.2,3.4,3.2,0.4283,0.2772
3825632,2.0,3.2,4.2,0.4759,0.2975
3825631,4.0,3.2,2.05,0.238,0.2975
3825630,2.7,3.1,2.8,0.3527,0.3072
3825629,2.0,3.5,3.75,0.4751,0.2715
3825627,1.14,9.0,15.0,0.8315,0.1053
3825625,1.08,12.0,23.0,0.8795,0.0792
3825624,3.6,3.4,2.1,0.265,0.2806
3825622,2.3,3.3,3.2,0.414,0.2885
3825621,3.2,3.3,2.3,0.2975,0.2885
3825620,2.2,3.5,3.2,0.4318,0.2714
3825617,4.0,3.6,1.91,0.2378,0.2642
3825615,2.0,3.3,4.0,0.4748,0.2878
3825613,1.44,4.5,7.5,0.6614,0.2116
3825610,2.3,3.2,3.3,0.414,0.2975
3825606,1.11,10.0,21.0,0.8592,0.0954
3825605,1.44,4.75,7.0,0.6627,0.2009
3825604,1.45,4.5,7.5,0.6598,0.2126
3825603,2.25,3.3,3.3,0.4231,0.2885
3825602,5.25,4.2,1.62,0.1821,0.2277
3825600,2.63,3.3,2.75,0.3632,0.2895
3825599,3.25,3.25,2.3,0.293,0.293
3825597,1.91,3.5,4.0,0.4943,0.2697
3825596,2.05,3.1,4.2,0.4652,0.3077
3825594,1.8,3.75,4.33,0.5275,0.2532
3825593,7.0,3.75,1.57,0.1365,0.2548
3825592,2.0,3.4,4.0,0.4789,0.2817
3825591,1.5,4.33,6.5,0.634,0.2196
3825590,1.06,15.0,26.0,0.8997,0.0636
3825589,2.6,3.1,2.9,0.3656,0.3066
3825588,2.1,3.5,3.5,0.4545,0.2727
3825587,1.57,3.75,7.0,0.6087,0.2548
3825586,1.75,3.5,5.25,0.5455,0.2727
3825585,1.5,4.2,7.0,0.6364,0.2273
3825583,3.4,3.2,2.25,0.2798,0.2973
3825582,2.3,3.3,3.2,0.414,0.2885
3825581,10.0,5.0,1.33,0.0951,0.1901
3825580,4.75,3.75,1.75,0.2008,0.2543
3825578,4.0,3.1,2.1,0.2384,0.3076
3825577,2.05,3.2,4.0,0.4644,0.2975
3825576,1.44,4.33,8.0,0.6611,0.2199
3825575,1.91,3.3,4.5,0.4992,0.2889
3825574,1.53,4.33,6.0,0.6218,0.2197
3825573,1.85,3.5,4.5,0.5155,0.2725
3825571,1.57,3.8,6.5,0.6043,0.2497
3825569,3.6,3.3,2.15,0.2656,0.2897
3825568,2.8,3.25,2.6,0.3403,0.2932
3825567,13.0,6.5,1.22,0.0732,0.1465
3825566,3.6,3.5,2.05,0.2642,0.2718
3825565,1.91,3.4,4.33,0.4993,0.2805
3825564,2.5,3.2,3.0,0.3825,0.2988
3825563,1.2,6.5,15.0,0.7908,0.146
266498,1.06,15.0,26.0,0.8997,0.0636
266986,21.0,9.0,1.13,0.0456,0.1065
267533,1.57,4.5,5.5,0.6119,0.2135
266310,13.0,7.0,1.2,0.073,0.1357
267576,1.5,4.2,7.0,0.6364,0.2273
266653,13.0,7.0,1.2,0.073,0.1357
265944,1.04,17.0,34.0,0.9159,0.056
265894,8.5,5.5,1.33,0.1119,0.1729
265958,1.04,17.0,41.0,0.9204,0.0563
267611,1.08,11.0,26.0,0.8774,0.0861
267422,1.1,10.0,26.0,0.8678,0.0955
266236,6.5,4.33,1.5,0.1463,0.2196
267274,9.0,6.0,1.3,0.1061,0.1592
266961,1.07,13.0,26.0,0.8901,0.0733
266885,1.07,13.0,23.0,0.8859,0.0729
266815,19.0,8.0,1.14,0.0499,0.1185
267506,26.0,11.0,1.08,0.0364,0.0861
266664,6.0,4.33,1.5,0.1566,0.217
266106,8.5,5.25,1.33,0.111,0.1797
266670,14.0,7.0,1.2,0.0682,0.1364
266149,1.14,8.0,19.0,0.8316,0.1185
266620,1.05,15.0,34.0,0.9084,0.0636
266056,10.0,6.5,1.25,0.0949,0.146
267327,1.06,13.0,26.0,0.891,0.0727
266166,3.3,3.2,2.3,0.2885,0.2975
266160,15.0,7.5,1.18,0.0636,0.1273
265839,1.14,8.0,15.0,0.8207,0.1169
266424,2.5,3.75,2.8,0.3907,0.2605
266467,6.5,4.5,1.5,0.1475,0.2131
267273,15.0,7.5,1.18,0.0636,0.1273
266490,1.06,12.0,29.0,0.889,0.0785
266254,1.08,11.0,26.0,0.8774,0.0861
266557,1.14,9.0,17.0,0.8377,0.1061
3901199,1.95,3.2,4.5,0.4895,0.2983
3901178,3.1,3.3,2.35,0.3069,0.2883
3901260,3.1,3.6,2.2,0.3058,0.2633
3829470,1.67,3.5,6.0,0.5696,0.2718
3901259,5.0,4.2,1.65,0.1915,0.228
3901263,1.83,3.6,4.33,0.5179,0.2633
3900594,2.38,3.1,3.3,0.4018,0.3085
3900587,2.88,3.1,2.63,0.3307,0.3072
3900541,3.5,3.3,2.15,0.2711,0.2875
3900596,1.85,3.25,5.0,0.5157,0.2935
3900591,1.17,7.0,19.0,0.8139,0.136
3901188,2.0,3.2,4.2,0.4759,0.2975
3901184,1.91,3.5,4.2,0.4999,0.2728
3901182,1.85,3.25,5.0,0.5157,0.2935
3901170,2.2,3.0,3.6,0.4265,0.3128
3901169,1.7,3.6,5.5,0.5614,0.2651
3901166,1.44,4.0,9.0,0.6579,0.2368
3901168,1.83,3.3,5.0,0.5207,0.2887
3900601,2.4,3.2,3.1,0.3962,0.2971
3901262,2.38,3.5,2.9,0.3999,0.2719
3901261,1.29,6.0,9.5,0.7403,0.1592
3901258,4.2,3.75,1.85,0.2278,0.2551
3901257,2.38,3.2,3.1,0.3982,0.2961
3901256,1.4,4.33,8.5,0.672,0.2173
3901255,4.75,3.4,1.85,0.2014,0.2814
3901254,3.3,3.75,2.05,0.2866,0.2522
3901253,5.5,4.33,1.57,0.1732,0.22
3901252,1.7,3.8,4.75,0.5539,0.2478
3901251,1.91,3.3,4.2,0.4918,0.2846
3901250,2.2,3.25,3.5,0.4337,0.2936
3901249,2.38,3.3,3.1,0.4018,0.2898
3901248,1.44,4.33,8.0,0.6611,0.2199
3901247,7.5,4.33,1.45,0.1265,0.2191
3901246,1.83,3.4,4.75,0.5199,0.2798
3901245,1.7,3.8,4.75,0.5539,0.2478
3901244,1.22,6.5,13.0,0.7803,0.1465
3901243,2.5,3.1,3.1,0.3827,0.3086
3901242,3.4,3.2,2.25,0.2798,0.2973
3901241,1.95,3.25,4.33,0.4877,0.2926
3901240,3.5,3.25,2.2,0.2726,0.2936
3901238,1.44,4.33,8.0,0.6611,0.2199
3901237,2.0,3.3,4.0,0.4748,0.2878
3901236,3.0,3.2,2.5,0.3187,0.2988
3901235,1.3,5.25,11.0,0.7322,0.1813
3901234,2.0,3.3,4.0,0.4748,0.2878
3901233,1.3,5.5,10.0,0.7319,0.173
3901232,1.62,3.6,6.5,0.5885,0.2648
3901231,2.7,3.1,2.8,0.3527,0.3072
3901230,1.91,3.2,4.75,0.5003,0.2986
3901229,1.95,3.3,4.2,0.4866,0.2875
3901228,1.44,4.33,8.0,0.6611,0.2199
3901227,1.75,3.55,5.85,0.558,0.2751
3901226,1.25,5.5,12.0,0.7511,0.1707
3901225,3.5,3.4,2.1,0.2706,0.2785
3901224,1.65,3.8,5.5,0.5766,0.2504
3901223,2.1,3.4,3.6,0.4543,0.2806
3901222,2.4,3.1,3.2,0.3962,0.3067
3901221,1.91,3.6,4.0,0.498,0.2642
3901220,4.0,3.2,2.0,0.2353,0.2941
3901219,2.8,3.4,2.5,0.3397,0.2798
3901218,1.85,3.3,4.75,0.5128,0.2875
3901217,5.0,4.0,1.67,0.1907,0.2384
3901216,1.36,5.0,8.5,0.6983,0.1899
3901215,3.2,3.2,2.38,0.299,0.299
3901214,1.55,4.2,6.0,0.6145,0.2268
3901213,2.3,3.25,3.1,0.4082,0.2889
3901212,2.25,3.0,3.5,0.4179,0.3134
3901211,1.83,3.5,4.33,0.514,0.2688
3901210,1.29,5.25,10.0,0.7274,0.1787
3901209,2.15,3.2,3.5,0.4374,0.2939
3901208,3.75,3.2,2.05,0.2499,0.2929
3901207,2.4,3.0,3.2,0.3922,0.3137
3901206,1.75,3.6,4.75,0.5392,0.2621
3901205,2.15,3.4,3.3,0.4379,0.2769
3901204,3.5,3.4,2.1,0.2706,0.2785
3901203,2.3,2.9,3.75,0.4156,0.3296
3901202,3.8,3.5,2.0,0.2509,0.2724
3901201,3.25,3.1,2.38,0.2929,0.3071
3901200,2.0,3.3,4.0,0.4748,0.2878
3901198,3.4,3.1,2.3,0.2797,0.3068
3901197,2.3,3.0,3.5,0.4126,0.3163
3901196,1.57,3.75,6.5,0.6023,0.2522
3901195,3.3,3.0,2.4,0.2878,0.3165
3901194,1.73,3.6,4.75,0.5421,0.2605
3901193,1.33,5.0,10.0,0.7148,0.1901
3901192,1.75,3.3,5.5,0.541,0.2869
3901191,1.8,3.5,4.75,0.5282,0.2716
3901190,1.5,4.33,6.5,0.634,0.2196
3901189,1.91,3.3,4.5,0.4992,0.2889
3901187,2.6,3.0,3.0,0.3659,0.3171
3901186,1.62,3.75,6.0,0.5875,0.2538
3901185,2.2,3.2,3.5,0.4318,0.2968
3901183,12.0,6.0,1.25,0.0794,0.1587
3901181,3.2,3.2,2.38,0.299,0.299
3901180,3.0,3.1,2.55,0.318,0.3078
3901179,2.45,3.1,3.2,0.3912,0.3092
3901177,3.1,2.9,2.6,0.3066,0.3278
3901176,2.3,3.3,3.2,0.414,0.2885
3901175,2.0,3.3,4.0,0.4748,0.2878
3901174,1.62,3.8,6.0,0.5895,0.2513
3901173,3.6,3.25,2.15,0.2644,0.2929
3901172,2.88,2.9,2.8,0.3309,0.3287
3901171,1.45,4.0,9.0,0.6563,0.2379
3901167,2.3,3.1,3.4,0.4135,0.3068
3901165,1.67,3.75,5.5,0.5718,0.2546
3901164,3.1,3.0,2.55,0.3078,0.318
3901163,1.53,4.0,6.5,0.6181,0.2364
3901162,3.25,3.2,2.38,0.2958,0.3004
3901161,1.73,3.6,5.25,0.5525,0.2655
3901160,2.45,3.0,3.2,0.3873,0.3163
3901159,5.0,3.6,1.75,0.1906,0.2648
3901158,2.3,3.1,3.4,0.4135,0.3068
3901157,2.45,3.1,3.1,0.3875,0.3062
3901156,2.05,3.1,4.2,0.4652,0.3077
3901155,2.4,3.0,3.3,0.3957,0.3165
3901154,3.3,3.3,2.2,0.2857,0.2857
3901153,1.83,3.4,4.75,0.5199,0.2798
3901152,2.7,3.1,2.8,0.3527,0.3072
3901151,2.63,3.1,2.8,0.3587,0.3043
3901150,1.91,3.3,4.5,0.4992,0.2889
3901149,1.36,4.75,9.5,0.6996,0.2003
3901148,2.2,3.1,3.6,0.4309,0.3058
3901147,1.8,3.3,4.75,0.5196,0.2834
3901146,1.18,7.0,17.0,0.8078,0.1362
3901145,2.9,3.0,2.65,0.3267,0.3158
3901144,2.0,3.3,4.0,0.4748,0.2878
3900608,2.3,3.2,3.1,0.4064,0.2921
3900602,2.05,3.3,3.8,0.4628,0.2875
3829518,2.6,3.1,2.9,0.3656,0.3066
3829479,2.2,3.2,3.5,0.4318,0.2968
3829478,3.5,3.0,2.3,0.2711,0.3163
3829519,1.25,6.0,12.0,0.7619,0.1587
3829416,4.0,3.1,2.05,0.2358,0.3042
3829459,2.25,3.1,3.5,0.4222,0.3064
3900636,2.1,3.1,4.0,0.454,0.3076
3900633,1.67,3.6,5.75,0.57,0.2644
3900628,2.0,3.2,4.2,0.4759,0.2975
3900627,2.25,3.2,3.4,0.4229,0.2973
3900625,1.8,3.5,4.75,0.5282,0.2716
3900624,3.6,3.1,2.2,0.2633,0.3058
3900616,1.67,3.75,5.5,0.5718,0.2546
3900617,2.4,3.0,3.3,0.3957,0.3165
3900609,2.3,3.2,3.3,0.414,0.2975
3900604,3.4,3.0,2.38,0.2807,0.3182
3900605,5.5,3.5,1.73,0.1739,0.2733
3900603,2.15,3.3,3.6,0.4447,0.2897
3900606,3.2,3.3,2.3,0.2975,0.2885
3900600,1.95,3.3,4.33,0.4899,0.2895
3900598,1.91,3.3,4.5,0.4992,0.2889
3900597,2.25,3.3,3.3,0.4231,0.2885
3900599,2.7,3.1,2.8,0.3527,0.3072
3900592,2.25,3.2,3.4,0.4229,0.2973
3900595,1.91,3.4,4.33,0.4993,0.2805
3900593,1.36,4.75,9.5,0.6996,0.2003
3900590,1.91,3.3,4.5,0.4992,0.2889
3900589,2.9,3.2,2.55,0.3286,0.2978
3900588,3.0,3.0,2.6,0.3171,0.3171
3900586,2.4,3.0,3.3,0.3957,0.3165
3900584,2.75,3.0,2.8,0.345,0.3162
3900582,2.05,3.2,4.0,0.4644,0.2975
3900583,3.75,3.3,2.1,0.255,0.2897
3900585,8.0,4.75,1.4,0.1191,0.2005
3900570,1.1,10.0,26.0,0.8678,0.0955
3900567,2.8,3.2,2.63,0.3402,0.2977
3900568,3.25,3.3,2.3,0.2943,0.2898
3900549,2.05,3.1,4.2,0.4652,0.3077
3900548,2.0,3.2,4.2,0.4759,0.2975
3900547,1.65,3.75,5.5,0.5747,0.2529
3900545,1.53,3.75,7.5,0.6203,0.2531
3900546,2.5,3.0,3.1,0.3788,0.3157
3900544,2.0,3.4,3.8,0.4729,0.2782
3900540,6.5,4.33,1.5,0.1463,0.2196
3900539,3.1,3.1,2.5,0.3086,0.3086
3900533,1.85,3.5,4.33,0.5113,0.2703
3900538,1.91,3.3,4.5,0.4992,0.2889
3900537,3.0,3.3,2.4,0.3165,0.2878
3900536,1.83,3.5,4.5,0.5183,0.271
3900534,3.0,3.2,2.5,0.3187,0.2988
3900535,2.5,3.1,3.1,0.3827,0.3086
3900530,3.6,3.25,2.15,0.2644,0.2929
3900532,10.0,5.0,1.33,0.0951,0.1901
3900531,2.25,3.3,3.3,0.4231,0.2885
3900529,1.83,3.3,5.0,0.5207,0.2887
3900528,1.95,3.5,4.0,0.4891,0.2725
3900522,2.38,3.4,3.0,0.4011,0.2807
3900523,3.0,3.0,2.6,0.3171,0.3171
3900521,1.08,10.0,34.0,0.8774,0.0948
3900518,1.8,3.4,5.0,0.5293,0.2802
3900519,2.3,3.2,3.3,0.414,0.2975
3900511,7.5,4.5,1.44,0.127,0.2116
3900514,2.1,3.4,3.6,0.4543,0.2806
3900515,1.7,3.6,5.5,0.5614,0.2651
3829512,1.73,3.6,5.25,0.5525,0.2655
3829495,1.62,3.75,6.0,0.5875,0.2538
3900491,1.62,3.8,6.0,0.5895,0.2513
3900504,2.2,3.1,3.6,0.4309,0.3058
3900506,1.91,3.2,4.75,0.5003,0.2986
3900505,2.2,3.2,3.5,0.4318,0.2968
3829496,2.1,3.1,4.0,0.454,0.3076
3829514,2.4,3.0,3.3,0.3957,0.3165
3829499,2.45,3.2,2.88,0.3822,0.2926
3829469,1.7,3.6,5.5,0.5614,0.2651
3829454,1.83,3.4,4.75,0.5199,0.2798
3829439,3.1,3.1,2.5,0.3086,0.3086
3829513,1.91,3.3,4.5,0.4992,0.2889
3829510,2.1,3.25,3.75,0.4533,0.2929
3829445,2.3,3.1,3.4,0.4135,0.3068
3829433,8.0,4.2,1.45,0.1187,0.2262
3829466,2.1,3.1,4.0,0.454,0.3076
3900639,2.55,3.1,3.0,0.3742,0.3078
3900638,1.57,3.8,6.5,0.6043,0.2497
3900637,3.1,3.2,2.4,0.3067,0.2971
3900635,1.85,3.25,5.0,0.5157,0.2935
3900634,1.4,4.75,8.0,0.6804,0.2005
3900632,2.25,3.2,3.4,0.4229,0.2973
3900631,2.1,3.2,3.8,0.4527,0.2971
3900630,1.91,3.25,4.5,0.497,0.2921
3900629,5.25,3.6,1.73,0.182,0.2655
3900626,2.6,3.1,2.9,0.3656,0.3066
3900623,2.4,3.2,3.1,0.3962,0.2971
3900622,1.83,3.5,4.5,0.5183,0.271
3900621,2.25,3.1,3.5,0.4222,0.3064
3900620,2.05,3.3,3.8,0.4628,0.2875
3900619,2.25,3.1,3.5,0.4222,0.3064
3900618,1.18,6.5,21.0,0.8079,0.1467
3900615,1.91,3.3,4.5,0.4992,0.2889
3900614,1.75,3.5,5.0,0.5405,0.2703
3900613,2.2,3.25,3.5,0.4337,0.2936
3900612,1.62,3.8,6.0,0.5895,0.2513
3900611,1.44,4.0,9.0,0.6579,0.2368
3900610,2.6,3.2,2.88,0.3683,0.2992
3900581,2.4,3.0,3.3,0.3957,0.3165
3900580,2.05,3.1,4.0,0.46,0.3042
3900579,2.5,3.0,3.1,0.3788,0.3157
3900578,1.85,3.4,4.75,0.5172,0.2814
3900577,1.62,3.75,6.0,0.5875,0.2538
3900576,2.4,3.1,3.25,0.398,0.3081
3900575,2.6,3.1,2.9,0.3656,0.3066
3900574,1.33,5.0,9.0,0.7073,0.1881
3900573,2.5,3.0,3.2,0.3825,0.3187
3900572,1.62,3.75,6.0,0.5875,0.2538
3900571,2.0,3.25,4.2,0.4781,0.2942
3900569,1.91,3.3,4.5,0.4992,0.2889
3900566,2.45,3.1,3.1,0.3875,0.3062
3900565,2.15,3.1,3.75,0.4411,0.3059
3900564,4.2,3.5,1.91,0.2273,0.2728
3900563,2.5,3.0,3.2,0.3825,0.3187
3900562,7.0,4.2,1.5,0.1364,0.2273
3900561,2.55,3.1,3.0,0.3742,0.3078
3900560,2.3,3.25,3.2,0.4121,0.2917
3900559,1.4,4.75,8.0,0.6804,0.2005
3900558,2.05,3.25,4.0,0.4666,0.2943
3900557,1.25,5.5,13.0,0.7556,0.1717
3900556,2.4,3.0,3.3,0.3957,0.3165
3900555,2.38,3.1,3.3,0.4018,0.3085
3900554,2.38,3.1,3.3,0.4018,0.3085
3900553,2.6,3.1,2.9,0.3656,0.3066
3900552,2.0,3.3,4.0,0.4748,0.2878
3900551,1.75,3.5,5.25,0.5455,0.2727
3900550,2.38,3.25,3.2,0.4039,0.2958
3900543,1.67,3.75,5.5,0.5718,0.2546
3900542,2.4,3.1,3.25,0.398,0.3081
3900527,1.95,3.5,4.0,0.4891,0.2725
3900526,2.9,2.9,2.8,0.3294,0.3294
3900525,1.91,3.2,4.75,0.5003,0.2986
3900524,2.8,3.2,2.6,0.3388,0.2964
3900520,1.57,3.8,6.5,0.6043,0.2497
3900516,2.45,3.25,3.0,0.389,0.2933
3900513,3.6,3.2,2.15,0.2632,0.2961
3900512,2.1,3.25,3.75,0.4533,0.2929
3900510,3.4,3.4,2.15,0.2792,0.2792
3900509,1.95,3.5,4.0,0.4891,0.2725
3900508,2.3,3.1,3.4,0.4135,0.3068
3900507,1.67,4.0,5.0,0.5709,0.2384
3900503,1.67,3.5,6.0,0.5696,0.2718
3900502,1.67,3.75,5.5,0.5718,0.2546
3900501,1.18,7.0,17.0,0.8078,0.1362
3900500,2.88,3.0,2.7,0.3304,0.3172
3900499,4.0,3.1,2.1,0.2384,0.3076
3900498,1.6,3.75,6.5,0.5978,0.2551
3900497,2.38,3.2,3.2,0.402,0.299
3900496,2.1,3.25,3.75,0.4533,0.2929
3900495,2.9,3.1,2.6,0.3278,0.3066
3900494,4.2,3.4,1.95,0.2278,0.2814
3900493,5.5,3.6,1.7,0.1735,0.2651
3900492,2.0,3.3,4.0,0.4748,0.2878
3900490,7.5,4.0,1.5,0.127,0.2381
3829438,2.2,3.3,3.4,0.4322,0.2881
3829413,6.5,3.6,1.57,0.144,0.26
3829428,2.2,3.4,3.25,0.4303,0.2784
3829522,2.0,3.25,4.2,0.4781,0.2942
3829521,1.5,3.8,7.5,0.6271,0.2475
3829520,3.0,3.1,2.5,0.3157,0.3055
3829517,3.4,3.3,2.2,0.2797,0.2881
3829516,2.4,3.1,3.2,0.3962,0.3067
3829515,1.95,3.3,4.2,0.4866,0.2875
3829511,1.75,3.6,5.0,0.5446,0.2648
3829509,1.57,4.0,6.0,0.6045,0.2373
3829508,2.5,3.2,2.9,0.3783,0.2956
3829507,2.05,3.3,3.8,0.4628,0.2875
3829506,2.6,3.1,2.9,0.3656,0.3066
3829505,1.5,3.8,8.0,0.632,0.2495
3829504,10.0,5.0,1.33,0.0951,0.1901
3829503,1.95,3.3,4.2,0.4866,0.2875
3829502,2.55,3.2,2.9,0.3737,0.2978
3829501,1.85,3.4,4.75,0.5172,0.2814
3829500,1.33,5.0,10.0,0.7148,0.1901
3829498,2.6,3.2,2.8,0.3648,0.2964
3829497,2.63,3.1,2.88,0.3621,0.3072
3829494,3.1,3.2,2.4,0.3067,0.2971
3829493,2.0,3.1,4.33,0.4746,0.3062
3829492,1.85,3.2,5.0,0.5133,0.2968
3829491,1.4,4.5,8.5,0.6776,0.2108
3829490,1.73,3.6,5.25,0.5525,0.2655
3829489,2.2,3.25,3.5,0.4337,0.2936
3829488,3.25,3.1,2.38,0.2929,0.3071
3829487,1.75,3.6,5.0,0.5446,0.2648
3829486,2.88,3.1,2.63,0.3307,0.3072
3829485,1.73,3.5,5.5,0.5528,0.2733
3829484,2.75,3.0,2.8,0.345,0.3162
3829483,10.0,4.33,1.4,0.0957,0.221
3829482,2.7,3.1,2.8,0.3527,0.3072
3829481,3.2,3.1,2.4,0.2971,0.3067
3829480,3.4,3.1,2.3,0.2797,0.3068
3829477,2.9,3.1,2.6,0.3278,0.3066
3829476,1.5,4.0,7.5,0.6349,0.2381
3829475,2.7,3.0,2.88,0.3524,0.3172
3829474,2.5,3.0,3.2,0.3825,0.3187
3829473,1.2,6.5,17.0,0.7967,0.1471
3829472,2.05,3.3,3.8,0.4628,0.2875
3829471,2.1,3.1,4.0,0.454,0.3076
3829468,1.85,3.3,4.75,0.5128,0.2875
3829467,2.15,3.1,3.75,0.4411,0.3059
3829465,8.0,4.75,1.4,0.1191,0.2005
3829464,2.25,3.1,3.5,0.4222,0.3064
3829463,2.38,3.0,3.4,0.4011,0.3182
3829462,4.5,3.3,1.91,0.2119,0.2889
3829461,1.44,4.2,8.5,0.6613,0.2267
3829460,2.6,2.88,3.1,0.3648,0.3293
3829458,2.0,3.5,3.75,0.4751,0.2715
3829457,2.5,3.1,3.1,0.3827,0.3086
3829456,1.91,3.3,4.5,0.4992,0.2889
3829455,2.25,3.2,3.4,0.4229,0.2973
3829453,1.25,5.75,13.0,0.7613,0.1655
3829452,2.0,3.25,4.2,0.4781,0.2942
3829451,1.73,3.4,5.75,0.5526,0.2812
3829450,4.2,3.25,2.0,0.2277,0.2942
3829449,2.15,3.25,3.6,0.4427,0.2929
3829448,2.25,3.1,3.5,0.4222,0.3064
3829447,1.4,4.0,10.0,0.6711,0.2349
3829446,2.5,3.1,3.0,0.3788,0.3055
3829444,3.3,3.3,2.25,0.2885,0.2885
3829443,4.0,3.3,2.0,0.2374,0.2878
3829442,2.1,3.2,3.8,0.4527,0.2971
3829441,1.62,3.8,6.0,0.5895,0.2513
3829440,2.63,3.0,3.0,0.3632,0.3184
3829437,2.3,3.0,3.6,0.4157,0.3187
3829436,2.2,3.1,3.6,0.4309,0.3058
3829435,1.57,3.75,7.0,0.6087,0.2548
3829434,2.3,3.0,3.4,0.4093,0.3138
3829432,1.11,10.0,21.0,0.8592,0.0954
3829431,1.85,3.4,4.75,0.5172,0.2814
3829430,3.5,3.25,2.2,0.2726,0.2936
3829429,2.25,3.1,3.5,0.4222,0.3064
3829427,2.15,3.25,3.6,0.4427,0.2929
3829426,3.6,3.25,2.15,0.2644,0.2929
3829425,2.5,3.1,3.1,0.3827,0.3086
3829424,1.95,3.4,4.2,0.4907,0.2814
3829423,1.62,3.6,6.5,0.5885,0.2648
3829422,1.57,4.0,6.0,0.6045,0.2373
3829421,3.1,3.1,2.4,0.3038,0.3038
3829420,1.67,3.75,5.5,0.5718,0.2546
3829419,1.83,3.4,4.75,0.5199,0.2798
3829418,2.2,3.1,3.6,0.4309,0.3058
3829417,2.05,3.2,3.75,0.4572,0.2929
3829415,2.6,3.1,2.8,0.3614,0.3031
3829414,1.57,4.0,6.0,0.6045,0.2373
3754058,1.91,3.75,4.33,0.5127,0.2611
3754245,2.05,3.4,4.2,0.4782,0.2883
3754136,2.05,3.5,4.0,0.4766,0.2791
3754037,2.0,3.8,3.8,0.4872,0.2564
3754039,2.25,3.3,3.6,0.4335,0.2956
3754041,1.17,9.0,17.0,0.8342,0.1084
3754042,2.4,3.6,3.0,0.4054,0.2703
3754043,1.53,4.33,7.0,0.6362,0.2248
3754045,4.33,4.0,1.85,0.2261,0.2447
3754048,2.9,3.4,2.6,0.3369,0.2873
3754049,1.5,4.33,6.0,0.6264,0.217
3754050,2.5,3.3,3.1,0.39,0.2955
3754052,2.25,3.3,3.6,0.4335,0.2956
3754053,7.5,4.5,1.5,0.1304,0.2174
3754055,2.0,3.8,3.8,0.4872,0.2564
3754226,5.5,3.9,1.7,0.1771,0.2498
3754014,3.25,3.2,2.3,0.2917,0.2962
3754091,2.1,3.3,4.0,0.4627,0.2944
3754135,5.25,4.0,1.7,0.1852,0.243
3754293,3.8,3.6,2.05,0.2558,0.27
3754339,2.55,3.3,3.0,0.3813,0.2946
3754146,2.5,3.4,3.0,0.3893,0.2863
3754347,1.44,4.5,9.0,0.6757,0.2162
3754255,1.4,4.75,10.0,0.697,0.2054
3754278,2.1,3.5,3.8,0.4645,0.2787
3753979,1.57,4.0,7.0,0.6185,0.2428
3753972,1.91,3.6,4.5,0.5115,0.2714
3753978,2.05,3.4,4.2,0.4782,0.2883
3753974,3.2,3.5,2.2,0.2968,0.2714
3753993,2.5,3.3,3.1,0.39,0.2955
3753983,5.0,4.0,1.75,0.1958,0.2448
3754015,2.6,3.5,2.8,0.3743,0.2781
3754038,6.0,4.2,1.62,0.1631,0.233
3754001,6.0,4.2,1.62,0.1631,0.233
3754007,1.95,3.4,4.5,0.4983,0.2858
3754008,1.2,7.5,16.0,0.8097,0.1296
3754029,1.44,4.75,8.0,0.6742,0.2044
3753995,1.83,3.7,4.8,0.5331,0.2637
3753999,6.0,4.2,1.62,0.1631,0.233
3754017,3.0,3.3,2.6,0.3265,0.2968
3754006,2.9,3.4,2.6,0.3369,0.2873
3754023,2.2,3.6,3.4,0.4428,0.2706
3753984,1.36,5.5,9.0,0.7151,0.1768
3754011,3.1,3.3,2.5,0.3145,0.2955
3754010,2.5,3.3,3.1,0.39,0.2955
3754028,1.6,4.33,6.0,0.6112,0.2258
3753996,1.4,5.0,9.0,0.6966,0.195
3754025,1.33,5.25,12.0,0.733,0.1857
3754068,2.3,3.25,3.5,0.4229,0.2993
3754056,1.95,3.6,4.2,0.4985,0.27
3754040,1.67,4.0,5.75,0.5855,0.2444
3754074,2.75,3.25,2.8,0.3536,0.2992
3754076,3.2,3.4,2.4,0.3054,0.2874
3754067,2.0,3.6,4.0,0.4865,0.2703
3754079,1.25,7.0,13.0,0.7845,0.1401
3754090,2.4,3.4,3.2,0.4072,0.2874
3754083,1.36,5.0,11.0,0.7165,0.1949
3754077,1.29,6.5,11.0,0.76,0.1508
3754060,2.7,3.4,2.8,0.3625,0.2879
3754073,1.36,5.25,9.5,0.7132,0.1847
3754085,2.7,3.4,2.75,0.3602,0.2861
3754047,1.44,4.75,8.0,0.6742,0.2044
3754051,4.2,3.6,1.95,0.2315,0.27
3754093,2.6,3.4,2.9,0.3758,0.2873
3754046,2.1,3.6,3.75,0.4666,0.2722
3754072,2.9,3.3,2.63,0.3354,0.2948
3754082,1.5,4.5,7.5,0.6522,0.2174
3754106,1.91,3.75,4.33,0.5127,0.2611
3754099,1.83,3.6,5.0,0.5335,0.2712
3754098,2.1,3.5,3.75,0.463,0.2778
3754057,1.4,4.75,8.0,0.6804,0.2005
3754112,2.88,3.3,2.7,0.3402,0.2969
3754117,6.5,4.2,1.57,0.1495,0.2314
3754104,2.3,3.3,3.5,0.4248,0.2961
3754054,1.2,7.0,13.0,0.7913,0.1357
3754113,1.5,4.5,7.5,0.6522,0.2174
3754107,5.5,3.8,1.73,0.1777,0.2572
3754105,3.1,3.3,2.5,0.3145,0.2955
3754097,1.65,4.0,6.0,0.5926,0.2444
3754102,2.6,3.4,2.88,0.3749,0.2867
3754115,1.33,5.75,10.0,0.733,0.1695
3754148,4.33,3.6,1.95,0.2261,0.2719
3754169,1.7,4.0,5.5,0.5767,0.2451
3754174,4.5,4.0,1.8,0.2162,0.2432
3754185,4.33,3.4,2.0,0.2253,0.2869
3754162,3.4,3.4,2.3,0.2875,0.2875
3754096,2.63,3.3,2.9,0.3698,0.2948
3754171,2.0,3.8,3.8,0.4872,0.2564
3754119,2.6,3.4,2.9,0.3758,0.2873
3754126,1.44,4.75,8.0,0.6742,0.2044
3754133,2.0,3.5,4.2,0.4884,0.2791
3754167,1.29,6.0,12.0,0.7561,0.1626
3754145,5.75,4.0,1.67,0.1701,0.2444
3754153,2.5,3.2,3.2,0.3902,0.3049
3754143,5.75,4.33,1.62,0.1701,0.2259
3754186,3.1,3.5,2.4,0.3147,0.2788
3754130,2.05,3.6,3.8,0.4742,0.27
3754188,2.7,3.4,2.8,0.3625,0.2879
3754178,2.75,3.3,2.8,0.3552,0.296
3754157,2.9,3.6,2.5,0.3372,0.2716
3754166,2.1,3.75,3.6,0.4666,0.2613
3754211,2.88,3.6,2.5,0.3388,0.271
3754150,3.2,3.3,2.45,0.3053,0.296
3754160,1.29,6.0,13.0,0.7609,0.1636
3754218,2.6,3.3,3.0,0.3767,0.2968
3754217,2.45,3.5,3.0,0.3974,0.2781
3754205,6.0,4.2,1.62,0.1631,0.233
3754221,3.6,3.3,2.25,0.2709,0.2956
3754198,2.5,3.5,3.0,0.3925,0.2804
3754193,1.33,5.75,10.0,0.733,0.1695
3754222,2.0,3.6,4.0,0.4865,0.2703
3754213,2.75,3.4,2.75,0.356,0.288
3754212,1.53,4.33,7.0,0.6362,0.2248
3754223,3.8,3.5,2.1,0.2567,0.2787
3754197,4.2,3.8,1.91,0.2323,0.2568
3754208,1.7,4.0,5.5,0.5767,0.2451
3754204,1.91,3.5,4.75,0.5134,0.2802
3754194,2.6,3.5,2.8,0.3743,0.2781
3754219,2.55,3.3,3.0,0.3813,0.2946
3754254,1.36,5.25,10.0,0.7168,0.1857
3754230,2.05,3.6,3.8,0.4742,0.27
3754285,2.63,3.25,2.75,0.3616,0.2926
3754233,5.0,4.0,1.73,0.1945,0.2432
3754270,1.8,3.75,5.0,0.5435,0.2609
3754237,1.95,3.5,4.33,0.4981,0.2775
3754257,5.5,4.2,1.67,0.1785,0.2337
3754266,2.5,3.3,3.1,0.39,0.2955
3754256,3.25,3.4,2.38,0.3011,0.2878
3754288,4.0,3.8,1.95,0.2437,0.2565
3754238,2.25,3.5,3.4,0.4339,0.2789
3754269,2.05,3.4,4.2,0.4782,0.2883
3754234,3.4,3.5,2.25,0.2871,0.2789
3754246,1.2,8.0,15.0,0.813,0.122
3754296,2.45,3.5,3.0,0.3974,0.2781
3754273,2.6,3.4,2.9,0.3758,0.2873
3754263,2.2,3.6,3.4,0.4428,0.2706
3754268,2.0,3.5,4.2,0.4884,0.2791
3754286,2.15,3.5,3.6,0.4522,0.2778
3754291,3.75,3.5,2.1,0.2593,0.2778
3754283,1.57,4.2,6.5,0.6191,0.2314
3754235,2.05,3.5,4.0,0.4766,0.2791
3754279,1.91,3.4,4.5,0.5035,0.2828
3754276,1.36,5.5,9.0,0.7151,0.1768
3754287,1.44,4.5,7.5,0.6614,0.2116
3754259,2.1,3.4,3.9,0.4638,0.2865
3754335,2.3,3.5,3.3,0.4248,0.2791
3754298,2.3,3.4,3.4,0.425,0.2875
3754315,2.4,3.4,3.2,0.4072,0.2874
3754330,2.5,3.3,3.1,0.39,0.2955
3754337,2.05,3.5,4.0,0.4766,0.2791
3754297,1.33,5.25,12.0,0.733,0.1857
3754301,7.0,4.33,1.53,0.139,0.2248
3754323,2.25,3.5,3.4,0.4339,0.2789
3754304,1.7,3.9,5.5,0.5731,0.2498
3754311,2.45,3.4,3.1,0.3983,0.287
3754328,1.3,6.0,11.0,0.7491,0.1623
3754309,3.6,3.5,2.05,0.2642,0.2718
3754325,3.2,3.2,2.5,0.3049,0.3049
3754329,2.25,3.5,3.4,0.4339,0.2789
3754302,1.75,4.0,5.0,0.5594,0.2448
3754013,3.2,3.5,2.35,0.3053,0.2791
3754044,1.45,4.5,8.5,0.6699,0.2158
3754351,1.67,3.8,6.0,0.5821,0.2558
3754343,1.91,3.8,3.8,0.4987,0.2507
3754109,1.57,4.2,6.5,0.6191,0.2314
3754182,2.9,3.5,2.55,0.3372,0.2794
3754240,1.29,6.0,12.0,0.7561,0.1626
3754336,4.0,3.6,2.0,0.2432,0.2703
3754247,1.57,4.0,7.0,0.6185,0.2428
3754156,1.85,3.8,4.5,0.5269,0.2565
3754265,1.73,4.0,5.0,0.5623,0.2432
3754000,4.75,3.8,1.8,0.2045,0.2557
3754003,2.0,3.4,4.33,0.4878,0.2869
3754344,1.95,3.6,4.33,0.502,0.2719
3754131,2.38,3.4,3.2,0.4092,0.2864
3754300,1.7,3.9,5.5,0.5731,0.2498
3754312,5.25,3.9,1.73,0.1858,0.2502
3754138,2.55,3.3,3.0,0.3813,0.2946
3754203,2.25,3.5,3.4,0.4339,0.2789
3754190,1.85,3.6,4.75,0.5254,0.27
3754066,2.1,3.5,3.75,0.463,0.2778
3754034,1.95,3.6,4.33,0.502,0.2719
3753985,3.4,3.4,2.3,0.2875,0.2875
3753987,2.63,3.6,2.75,0.3722,0.2719
3754189,2.8,3.3,2.75,0.3488,0.296
3754129,1.75,4.0,5.0,0.5594,0.2448
3754180,4.0,3.4,2.1,0.245,0.2883
3754059,6.5,4.0,1.62,0.1507,0.2448
3754064,2.63,3.4,2.88,0.3722,0.2879
3754065,1.75,3.8,5.25,0.5575,0.2567
3754173,1.44,4.75,8.0,0.6742,0.2044
3754175,2.1,3.3,4.0,0.4627,0.2944
3753973,1.75,3.8,5.25,0.5575,0.2567
3753975,3.0,3.4,2.5,0.3244,0.2863
3753976,1.36,5.25,10.0,0.7168,0.1857
3753977,2.4,3.25,3.3,0.4056,0.2995
3753980,2.7,3.5,2.7,0.3608,0.2784
3753981,3.2,3.25,2.45,0.3039,0.2992
3753982,2.25,3.4,3.5,0.4339,0.2871
3753986,1.55,4.0,5.75,0.6035,0.2338
3753988,1.95,3.5,4.33,0.4981,0.2775
3753989,1.75,4.0,5.0,0.5594,0.2448
3753990,4.5,4.0,1.8,0.2162,0.2432
3753991,2.63,3.4,2.88,0.3722,0.2879
3753992,2.05,3.6,3.9,0.4773,0.2718
3753994,1.36,5.5,9.0,0.7151,0.1768
3753997,1.91,3.5,4.75,0.5134,0.2802
3753998,3.6,3.4,2.2,0.2706,0.2865
3754002,1.57,4.33,6.25,0.6197,0.2247
3754004,1.91,3.6,4.5,0.5115,0.2714
3754005,2.0,3.5,4.2,0.4884,0.2791
3754009,1.33,5.75,9.5,0.7292,0.1687
3754012,2.8,3.25,2.5,0.3354,0.289
3754016,1.53,4.0,6.0,0.6107,0.2336
3754018,3.1,3.5,2.4,0.3147,0.2788
3754019,2.6,3.3,3.0,0.3767,0.2968
3754021,2.0,3.6,4.0,0.4865,0.2703
3754022,2.05,3.4,3.6,0.4603,0.2775
3754024,2.3,3.4,3.4,0.425,0.2875
3754026,2.05,3.5,3.9,0.4736,0.2774
3754027,1.36,5.25,9.5,0.7132,0.1847
3754030,3.4,3.3,2.15,0.2769,0.2853
3754031,5.25,3.75,1.75,0.1852,0.2593
3754032,2.05,3.3,4.2,0.4741,0.2945
3754033,1.91,4.0,4.0,0.5115,0.2442
3754035,1.33,5.0,9.0,0.7073,0.1881
3754036,2.5,3.25,3.2,0.3921,0.3016
3754061,1.5,4.5,7.5,0.6522,0.2174
3754062,1.44,4.5,9.0,0.6757,0.2162
3754063,1.7,3.8,5.75,0.5737,0.2567
3754069,1.29,6.5,11.0,0.76,0.1508
3754070,5.75,4.2,1.65,0.1708,0.2339
3754071,1.8,3.6,5.25,0.5426,0.2713
3754075,6.5,4.33,1.57,0.1506,0.226
3754080,1.5,4.33,8.0,0.6519,0.2258
3754081,4.33,3.4,2.0,0.2253,0.2869
3754084,2.1,3.3,4.0,0.4627,0.2944
3754086,1.57,4.33,6.5,0.6234,0.226
3754087,2.5,3.4,3.0,0.3893,0.2863
3754088,5.0,3.7,1.8,0.195,0.2635
3754089,2.45,3.3,3.2,0.3987,0.296
3754092,2.75,3.6,2.63,0.3559,0.2719
3754094,1.7,3.75,5.75,0.5718,0.2592
3754095,8.0,4.75,1.45,0.1219,0.2054
3754100,2.1,3.5,3.8,0.4645,0.2787
3754101,3.2,3.4,2.4,0.3054,0.2874
3754103,4.33,3.5,1.95,0.2243,0.2775
3754108,3.0,3.5,2.45,0.3245,0.2781
3754110,5.0,4.0,1.73,0.1945,0.2432
3754111,2.1,3.5,3.9,0.4676,0.2806
3754114,3.8,3.5,2.1,0.2567,0.2787
3754116,3.75,3.4,2.0,0.2514,0.2773
3754118,1.36,5.25,10.0,0.7168,0.1857
3754120,1.73,3.8,5.5,0.565,0.2572
3754121,2.38,3.25,3.0,0.3959,0.2899
3754122,2.8,3.2,2.8,0.3478,0.3043
3754123,1.8,4.0,4.5,0.5405,0.2432
3754124,1.83,3.75,4.75,0.5338,0.2605
3754125,1.83,3.75,4.75,0.5338,0.2605
3754127,2.7,3.4,2.8,0.3625,0.2879
3754132,2.75,3.3,2.8,0.3552,0.296
3754134,3.0,3.5,2.45,0.3245,0.2781
3754137,2.7,3.4,2.8,0.3625,0.2879
3754139,3.2,3.25,2.5,0.3063,0.3016
3754140,2.8,3.5,2.63,0.3491,0.2793
3754142,1.53,4.75,6.0,0.6341,0.2042
3754144,3.75,3.6,2.1,0.2613,0.2722
3754147,2.1,3.75,3.6,0.4666,0.2613
3754149,6.0,4.75,1.53,0.1617,0.2042
3754151,2.05,3.5,4.0,0.4766,0.2791
3754152,3.4,3.4,2.1,0.2763,0.2763
3754154,1.57,4.5,6.0,0.6209,0.2166
3754155,2.4,3.2,3.4,0.4072,0.3054
3754158,1.44,4.75,8.0,0.6742,0.2044
3754159,1.67,4.2,5.25,0.5828,0.2318
3754161,2.38,3.25,3.4,0.4111,0.3011
3754163,1.73,3.8,5.5,0.565,0.2572
3754164,1.6,4.0,6.5,0.6075,0.243
3754165,2.1,3.4,3.9,0.4638,0.2865
3754168,1.73,3.75,5.5,0.5631,0.2598
3754170,2.0,3.6,4.0,0.4865,0.2703
3754172,2.4,3.3,3.25,0.4056,0.295
3754176,1.95,3.6,4.2,0.4985,0.27
3754177,2.63,3.4,2.88,0.3722,0.2879
3754179,3.6,3.5,2.15,0.2701,0.2778
3754181,3.0,3.4,2.5,0.3244,0.2863
3754183,1.95,3.5,4.33,0.4981,0.2775
3754184,1.29,6.5,11.0,0.76,0.1508
3754187,4.5,3.75,1.85,0.2159,0.259
3754191,1.55,4.33,6.5,0.6264,0.2242
3754192,4.0,3.4,2.1,0.245,0.2883
3754195,2.2,3.25,3.75,0.4418,0.299
3754196,2.7,3.2,2.9,0.3604,0.3041
3754199,3.5,3.6,2.15,0.2778,0.2701
3754200,1.91,3.5,4.75,0.5134,0.2802
3754201,1.75,3.75,5.25,0.5556,0.2593
3754202,4.33,3.6,1.95,0.2261,0.2719
3754206,6.0,4.5,1.57,0.1625,0.2166
3754207,1.83,3.75,4.75,0.5338,0.2605
3754209,1.91,3.5,4.0,0.4943,0.2697
3754210,4.5,3.6,1.91,0.2171,0.2714
3754214,4.75,3.6,1.85,0.2046,0.27
3754215,4.75,3.6,1.85,0.2046,0.27
3754216,3.6,3.5,2.15,0.2701,0.2778
3754220,3.8,3.5,2.1,0.2567,0.2787
3754224,1.67,3.8,6.0,0.5821,0.2558
3754225,1.95,3.6,4.2,0.4985,0.27
3754227,1.95,3.6,4.2,0.4985,0.27
3754228,1.75,3.7,5.5,0.5583,0.2641
3754229,2.3,3.75,3.1,0.4246,0.2604
3754231,1.73,3.8,5.5,0.565,0.2572
3754232,1.67,3.8,6.0,0.5821,0.2558
3754236,2.6,3.1,2.8,0.3614,0.3031
3754239,3.0,3.25,2.38,0.3141,0.2899
3754241,3.6,3.5,2.0,0.2612,0.2687
3754242,3.1,3.5,2.4,0.3147,0.2788
3754243,2.2,3.4,3.6,0.4428,0.2865
3754244,2.38,3.4,3.25,0.4111,0.2878
3754249,1.22,7.0,15.0,0.7964,0.1388
3754250,3.6,3.4,2.2,0.2706,0.2865
3754251,4.0,3.5,2.05,0.2443,0.2791
3754252,1.65,4.2,5.5,0.5907,0.2321
3754253,3.8,3.5,2.1,0.2567,0.2787
3754260,1.4,5.25,8.5,0.6986,0.1863
3754261,1.75,4.0,5.0,0.5594,0.2448
3754262,3.4,3.2,2.2,0.2772,0.2945
3754264,1.44,4.75,8.0,0.6742,0.2044
3754295,1.22,7.0,17.0,0.8025,0.1399
3754271,2.05,3.5,4.0,0.4766,0.2791
3754272,2.2,3.4,3.6,0.4428,0.2865
3754274,2.05,3.4,4.1,0.4755,0.2867
3754275,2.63,3.4,2.88,0.3722,0.2879
3754277,1.73,4.0,5.0,0.5623,0.2432
3754280,5.25,4.0,1.7,0.1852,0.243
3754281,2.15,3.3,3.9,0.454,0.2958
3754282,7.5,4.2,1.53,0.1301,0.2323
3754284,1.29,6.0,13.0,0.7609,0.1636
3754289,3.0,3.4,2.55,0.3269,0.2885
3754290,1.62,4.2,6.0,0.604,0.233
3754292,2.15,3.4,3.8,0.4549,0.2877
3754294,1.73,4.0,5.0,0.5623,0.2432
3754248,2.4,3.3,3.0,0.3957,0.2878
3754299,2.1,3.5,3.75,0.463,0.2778
3754303,2.25,3.3,3.6,0.4335,0.2956
3754305,2.88,3.4,2.6,0.3384,0.2867
3754306,2.45,3.2,3.3,0.3987,0.3053
3754307,1.3,6.0,11.0,0.7491,0.1623
3754308,2.05,3.75,3.7,0.476,0.2602
3754310,1.53,4.33,7.0,0.6362,0.2248
3754313,6.0,4.2,1.6,0.1618,0.2312
3754314,2.5,3.6,2.9,0.3912,0.2716
3754316,1.44,4.75,8.5,0.6791,0.2059
3754317,4.5,3.75,1.85,0.2159,0.259
3754318,2.38,3.4,3.25,0.4111,0.2878
3754319,1.55,4.2,7.0,0.6287,0.232
3754320,2.8,3.4,2.7,0.3496,0.2879
3754321,1.62,3.75,5.5,0.5792,0.2502
3754322,2.75,3.4,2.7,0.3537,0.2861
3754324,1.4,4.2,9.0,0.6716,0.2239
3754326,2.1,3.4,4.0,0.4667,0.2883
3754327,4.5,3.6,1.91,0.2171,0.2714
3754331,1.8,3.5,4.5,0.5224,0.2687
3754332,1.22,7.0,15.0,0.7964,0.1388
3754333,4.5,4.0,1.8,0.2162,0.2432
3754334,2.9,3.25,2.7,0.3371,0.3008
3754338,2.5,3.4,3.0,0.3893,0.2863
3754340,2.63,3.1,3.1,0.3708,0.3146
3754341,2.1,3.5,3.8,0.4645,0.2787
3754342,1.5,4.5,7.5,0.6522,0.2174
3754345,2.3,3.25,3.5,0.4229,0.2993
3754346,5.0,4.0,1.75,0.1958,0.2448
3754348,4.33,3.5,1.95,0.2243,0.2775
3754349,4.0,3.6,2.0,0.2432,0.2703
3754350,1.53,4.2,7.5,0.6376,0.2323
3754258,7.5,5.0,1.44,0.1297,0.1946
3754020,1.45,4.75,8.0,0.6727,0.2054
3754267,2.3,3.4,3.4,0.425,0.2875
3754141,1.29,6.0,12.0,0.7561,0.1626
3754128,2.0,3.6,4.0,0.4865,0.2703
3754078,1.36,5.0,11.0,0.7165,0.1949
3879863,3.8,3.3,2.05,0.2497,0.2875
3879773,3.4,3.3,2.2,0.2797,0.2881
3879847,1.95,3.4,4.2,0.4907,0.2814
3879862,7.5,5.0,1.4,0.1273,0.1909
3879817,3.0,3.2,2.5,0.3187,0.2988
3879825,1.73,3.75,5.0,0.5533,0.2553
3879750,3.75,3.3,2.1,0.255,0.2897
3879567,1.4,4.75,8.0,0.6804,0.2005
3879785,1.62,3.75,6.0,0.5875,0.2538
3879705,1.8,3.5,4.75,0.5282,0.2716
3879628,1.57,4.0,6.0,0.6045,0.2373
3879665,5.5,3.8,1.67,0.1742,0.2521
3879699,6.5,4.33,1.5,0.1463,0.2196
3879703,1.67,3.6,5.75,0.57,0.2644
3879609,1.22,6.5,13.0,0.7803,0.1465
3879653,1.67,3.75,5.5,0.5718,0.2546
3879632,1.5,4.33,6.5,0.634,0.2196
3879663,2.7,3.3,2.63,0.3515,0.2876
3879645,8.0,4.33,1.44,0.119,0.2199
3879579,4.0,3.3,2.0,0.2374,0.2878
3879566,2.5,3.1,3.1,0.3827,0.3086
3879587,5.0,3.5,1.75,0.1892,0.2703
3879556,3.0,3.3,2.4,0.3165,0.2878
3879585,1.75,3.6,5.0,0.5446,0.2648
3879582,1.91,3.5,4.2,0.4999,0.2728
3879564,4.0,3.5,1.95,0.2384,0.2725
3879562,3.0,3.4,2.38,0.3182,0.2807
3879837,1.44,4.2,8.5,0.6613,0.2267
3879838,2.8,3.2,2.6,0.3388,0.2964
3879839,3.5,3.3,2.15,0.2711,0.2875
3879840,2.25,3.2,3.4,0.4229,0.2973
3879836,1.44,4.5,7.5,0.6614,0.2116
3879833,1.5,4.2,7.0,0.6364,0.2273
3879828,1.45,4.33,7.0,0.6485,0.2172
3879832,2.7,3.2,2.75,0.3539,0.2986
3879830,3.6,3.5,2.05,0.2642,0.2718
3879792,1.91,3.3,4.5,0.4992,0.2889
3879795,2.15,3.25,3.6,0.4427,0.2929
3879794,2.2,3.0,3.8,0.4325,0.3171
3879788,1.7,3.75,5.0,0.5576,0.2528
3879787,1.73,3.75,5.0,0.5533,0.2553
3879786,11.0,5.25,1.3,0.0865,0.1813
3879784,2.6,3.0,3.0,0.3659,0.3171
3879783,4.5,3.5,1.85,0.2119,0.2725
3879782,1.95,3.3,4.33,0.4899,0.2895
3879781,4.0,3.25,2.05,0.2391,0.2943
3879780,1.3,5.25,11.0,0.7322,0.1813
3879779,1.55,4.0,6.5,0.615,0.2383
3879778,2.2,3.25,3.5,0.4337,0.2936
3879777,1.3,5.0,12.0,0.7308,0.19
3879774,1.29,5.5,11.0,0.7397,0.1735
3879776,1.95,3.2,4.5,0.4895,0.2983
3879771,3.0,3.25,2.45,0.3177,0.2933
3879772,2.3,3.1,3.4,0.4135,0.3068
3879756,1.57,4.0,6.0,0.6045,0.2373
3879754,1.53,3.8,6.5,0.6105,0.2458
3879748,2.38,3.2,3.2,0.402,0.299
3879749,1.55,4.0,6.5,0.615,0.2383
3879747,7.5,3.6,1.57,0.1272,0.265
3879742,1.62,3.8,6.0,0.5895,0.2513
3879746,2.25,3.2,3.4,0.4229,0.2973
3879744,2.1,3.25,3.75,0.4533,0.2929
3879745,3.2,3.2,2.38,0.299,0.299
3879743,2.1,3.2,3.8,0.4527,0.2971
3879739,2.05,3.3,3.8,0.4628,0.2875
3879741,2.7,3.0,2.9,0.3532,0.3179
3879740,1.53,4.2,6.0,0.6176,0.225
3879738,4.33,3.6,1.83,0.2189,0.2633
3879737,1.5,4.33,6.0,0.6264,0.217
3879732,1.67,3.75,5.75,0.5761,0.2566
3879707,1.22,6.0,15.0,0.7784,0.1583
3879702,2.9,3.25,2.5,0.3276,0.2923
3879704,1.36,4.75,9.5,0.6996,0.2003
3879701,1.62,3.8,6.0,0.5895,0.2513
3879700,2.8,3.1,2.7,0.3401,0.3072
3879706,1.8,3.5,4.75,0.5282,0.2716
3878559,1.75,3.5,5.25,0.5455,0.2727
3879636,3.75,3.3,2.1,0.255,0.2897
3879627,1.62,3.8,6.0,0.5895,0.2513
3879626,1.2,6.5,17.0,0.7967,0.1471
3879625,2.15,3.3,3.6,0.4447,0.2897
3879624,1.45,4.33,7.5,0.6544,0.2191
3879623,1.5,4.2,7.0,0.6364,0.2273
3879622,2.8,3.0,2.75,0.3388,0.3162
3879621,2.6,3.2,2.88,0.3683,0.2992
3879620,8.0,4.75,1.4,0.1191,0.2005
3878611,3.75,3.3,2.1,0.255,0.2897
3878610,2.0,3.5,3.75,0.4751,0.2715
3878608,1.95,3.4,4.0,0.4852,0.2783
3878607,1.4,4.5,8.5,0.6776,0.2108
3878606,1.83,3.6,4.33,0.5179,0.2633
3878605,4.33,3.4,1.91,0.2202,0.2805
3879876,1.85,3.6,4.2,0.5117,0.2629
3879875,1.2,7.0,13.0,0.7913,0.1357
3879874,2.1,3.4,3.5,0.4509,0.2785
3879873,2.55,3.5,2.7,0.3741,0.2726
3879872,2.15,3.4,3.4,0.4416,0.2792
3879871,2.3,3.4,3.1,0.4135,0.2797
3879870,1.25,6.0,10.0,0.75,0.1562
3879869,3.25,3.6,2.1,0.2898,0.2616
3879868,1.85,3.8,4.0,0.513,0.2497
3879867,1.1,10.0,26.0,0.8678,0.0955
3879866,1.22,6.5,13.0,0.7803,0.1465
3879865,2.38,3.25,3.1,0.4,0.2929
3879864,6.0,4.33,1.53,0.1585,0.2197
3879861,3.8,3.8,1.91,0.2507,0.2507
3879860,2.0,3.5,3.75,0.4751,0.2715
3879859,2.4,3.4,2.88,0.3938,0.278
3879858,3.6,3.4,2.1,0.265,0.2806
3879857,1.36,5.0,8.5,0.6983,0.1899
3879856,5.5,3.75,1.67,0.1736,0.2546
3879855,1.17,7.5,17.0,0.8164,0.1274
3879854,1.5,4.0,7.5,0.6349,0.2381
3879853,2.5,3.3,2.9,0.3817,0.2892
3879852,1.95,3.5,4.0,0.4891,0.2725
3879851,1.22,6.0,15.0,0.7784,0.1583
3879850,1.25,5.5,13.0,0.7556,0.1717
3879849,2.25,3.2,3.3,0.4193,0.2948
3879848,3.8,3.3,2.05,0.2497,0.2875
3879846,5.0,3.6,1.75,0.1906,0.2648
3879845,2.45,3.4,2.9,0.3898,0.2809
3879844,1.83,3.6,4.5,0.5222,0.2654
3879843,2.05,3.5,3.6,0.464,0.2718
3879842,1.95,3.5,4.0,0.4891,0.2725
3879841,2.38,3.4,3.0,0.4011,0.2807
3879835,1.85,3.6,4.0,0.506,0.26
3879834,3.3,3.4,2.2,0.2881,0.2797
3879831,1.91,3.6,4.0,0.498,0.2642
3879829,1.83,3.6,4.5,0.5222,0.2654
3879827,1.22,6.0,15.0,0.7784,0.1583
3879826,1.8,3.8,4.33,0.5293,0.2507
3879824,3.0,3.3,2.4,0.3165,0.2878
3879823,5.0,3.6,1.75,0.1906,0.2648
3879822,1.95,3.4,4.2,0.4907,0.2814
3879821,1.85,3.6,4.33,0.5152,0.2647
3879820,1.14,8.0,21.0,0.8356,0.1191
3879819,2.75,3.1,2.75,0.3464,0.3073
3879818,2.8,3.1,2.7,0.3401,0.3072
3879816,1.33,4.75,10.0,0.7077,0.1982
3879815,1.83,3.4,4.5,0.5142,0.2767
3879814,3.0,3.2,2.4,0.3137,0.2941
3879813,2.0,3.4,3.75,0.4713,0.2773
3879812,3.4,3.4,2.1,0.2763,0.2763
3879811,1.2,6.5,13.0,0.7831,0.1446
3879810,4.0,3.1,2.05,0.2358,0.3042
3879809,2.0,3.3,3.8,0.469,0.2842
3879808,6.0,3.75,1.57,0.1557,0.2492
3879807,2.0,3.2,4.0,0.4706,0.2941
3879806,1.85,3.5,4.5,0.5155,0.2725
3879805,3.3,3.3,2.25,0.2885,0.2885
3879804,1.53,4.0,6.5,0.6181,0.2364
3879803,6.5,4.33,1.5,0.1463,0.2196
3879802,2.1,3.4,3.6,0.4543,0.2806
3879801,1.8,3.75,4.33,0.5275,0.2532
3879800,1.62,3.8,6.0,0.5895,0.2513
3879799,3.3,3.4,2.2,0.2881,0.2797
3879798,1.3,5.0,12.0,0.7308,0.19
3879797,3.1,3.1,2.5,0.3086,0.3086
3879796,1.29,5.5,11.0,0.7397,0.1735
3879793,1.91,3.4,4.33,0.4993,0.2805
3879791,2.0,3.3,4.0,0.4748,0.2878
3879790,4.75,3.1,1.95,0.2013,0.3084
3879789,7.0,4.0,1.53,0.1365,0.2389
3879775,2.0,3.3,4.0,0.4748,0.2878
3879770,7.5,3.8,1.53,0.127,0.2506
3879769,1.17,7.5,17.0,0.8164,0.1274
3879768,2.5,3.3,2.9,0.3817,0.2892
3879767,2.05,3.4,3.75,0.4652,0.2805
3879766,1.65,3.75,5.25,0.57,0.2508
3879765,3.2,3.3,2.25,0.2948,0.2859
3879764,3.0,3.0,2.5,0.3125,0.3125
3879763,1.62,3.75,5.5,0.5792,0.2502
3879762,1.95,3.5,3.8,0.483,0.2691
3879761,2.3,3.1,3.3,0.41,0.3042
3879760,2.63,3.2,2.7,0.3577,0.294
3879759,1.57,3.8,6.0,0.5971,0.2467
3879758,1.73,3.5,5.0,0.5434,0.2686
3879757,4.5,3.5,1.8,0.209,0.2687
3879755,5.5,3.6,1.7,0.1735,0.2651
3879753,2.0,3.2,4.2,0.4759,0.2975
3879752,1.95,3.3,4.2,0.4866,0.2875
3879751,1.29,5.5,10.5,0.7367,0.1728
3879736,1.44,4.33,8.0,0.6611,0.2199
3879735,2.38,3.2,3.2,0.402,0.299
3879734,1.55,3.8,7.0,0.6138,0.2503
3879733,13.0,6.5,1.22,0.0732,0.1465
3879731,1.14,8.0,21.0,0.8356,0.1191
3879730,4.33,3.75,1.83,0.2212,0.2554
3879729,1.85,3.5,4.5,0.5155,0.2725
3879728,3.6,3.4,2.1,0.265,0.2806
3879727,2.63,3.2,2.8,0.3622,0.2977
3879726,1.22,6.0,15.0,0.7784,0.1583
3879725,3.1,3.25,2.4,0.3081,0.2939
3879724,1.4,4.5,9.0,0.6818,0.2121
3879723,1.57,3.8,6.5,0.6043,0.2497
3879722,2.4,3.3,3.0,0.3957,0.2878
3879721,4.0,3.6,1.91,0.2378,0.2642
3879720,4.0,3.6,1.91,0.2378,0.2642
3879719,2.75,3.2,2.7,0.3475,0.2986
3879718,2.1,3.3,3.75,0.4553,0.2897
3879717,3.1,3.25,2.38,0.3071,0.2929
3879716,3.1,3.4,2.3,0.3068,0.2797
3879715,1.5,4.0,7.5,0.6349,0.2381
3879714,1.25,6.0,12.0,0.7619,0.1587
3879713,7.5,3.8,1.53,0.127,0.2506
3879712,2.3,3.3,3.2,0.414,0.2885
3879711,3.3,3.3,2.25,0.2885,0.2885
3879710,2.05,3.3,3.8,0.4628,0.2875
3879709,2.15,3.2,3.75,0.4454,0.2992
3879708,2.5,3.2,3.0,0.3825,0.2988
3879698,3.1,3.25,2.4,0.3081,0.2939
3879697,3.5,3.4,2.1,0.2706,0.2785
3879696,2.5,3.1,3.1,0.3827,0.3086
3879695,1.8,3.5,4.75,0.5282,0.2716
3879694,3.75,3.3,2.1,0.255,0.2897
3879693,6.5,3.75,1.57,0.1455,0.2522
3879692,2.5,3.2,3.0,0.3825,0.2988
3879691,1.33,5.25,9.5,0.7177,0.1818
3879690,2.4,3.2,3.1,0.3962,0.2971
3879689,2.6,3.25,2.8,0.3665,0.2932
3879688,3.75,3.4,2.05,0.2543,0.2805
3879687,1.3,5.5,10.0,0.7319,0.173
3879686,1.29,5.75,10.0,0.7389,0.1658
3879685,2.38,3.1,3.3,0.4018,0.3085
3879684,7.5,4.0,1.5,0.127,0.2381
3879683,2.2,3.3,3.4,0.4322,0.2881
3879682,1.95,3.3,4.33,0.4899,0.2895
3879681,1.57,4.0,6.5,0.612,0.2402
3879680,2.3,3.1,3.4,0.4135,0.3068
3879679,13.0,6.5,1.22,0.0732,0.1465
3879678,3.1,3.1,2.5,0.3086,0.3086
3879677,1.8,3.5,4.75,0.5282,0.2716
3879676,2.0,3.5,3.8,0.4767,0.2724
3879675,1.4,4.75,8.0,0.6804,0.2005
3879674,1.5,4.2,7.0,0.6364,0.2273
3879673,2.2,3.25,3.5,0.4337,0.2936
3879672,3.4,3.3,2.2,0.2797,0.2881
3879671,4.33,3.6,1.83,0.2189,0.2633
3879670,1.17,7.0,19.0,0.8139,0.136
3879669,1.36,5.0,9.0,0.7027,0.1911
3879668,3.4,3.2,2.25,0.2798,0.2973
3879667,1.53,4.0,7.0,0.6246,0.2389
3879666,2.25,3.2,3.4,0.4229,0.2973
3879664,2.15,3.3,3.5,0.4413,0.2875
3879662,1.44,4.33,8.0,0.6611,0.2199
3879661,6.0,3.8,1.62,0.1592,0.2513
3879660,11.0,4.5,1.36,0.0867,0.212
3879659,1.75,3.6,5.0,0.5446,0.2648
3879658,1.67,3.75,5.5,0.5718,0.2546
3879657,1.5,4.33,6.5,0.634,0.2196
3879656,2.5,3.1,3.1,0.3827,0.3086
3879655,1.45,4.2,8.0,0.6551,0.2262
3879654,2.4,3.1,3.2,0.3962,0.3067
3879652,1.36,4.75,9.0,0.6957,0.1992
3879651,1.57,4.33,5.5,0.6068,0.22
3879650,1.67,3.75,5.5,0.5718,0.2546
3879649,1.7,3.8,5.0,0.5595,0.2503
3879648,4.0,3.3,2.0,0.2374,0.2878
3879647,1.91,3.4,4.33,0.4993,0.2805
3879646,1.44,4.5,7.5,0.6614,0.2116
3879644,1.83,3.5,4.5,0.5183,0.271
3879643,2.38,3.2,3.2,0.402,0.299
3879642,5.0,3.6,1.75,0.1906,0.2648
3879641,3.0,3.1,2.5,0.3157,0.3055
3879640,3.1,3.2,2.4,0.3067,0.2971
3879639,2.75,3.1,2.7,0.3442,0.3053
3879638,1.62,4.0,5.5,0.5884,0.2383
3879637,3.6,3.25,2.15,0.2644,0.2929
3879635,1.67,3.75,5.5,0.5718,0.2546
3879634,1.62,3.8,6.0,0.5895,0.2513
3879633,2.9,3.3,2.5,0.3291,0.2892
3879631,2.1,3.2,3.8,0.4527,0.2971
3879630,7.0,3.75,1.57,0.1365,0.2548
3879629,2.6,3.2,2.8,0.3648,0.2964
3879619,2.05,3.3,3.8,0.4628,0.2875
3879618,1.62,3.6,6.5,0.5885,0.2648
3879617,5.0,3.6,1.75,0.1906,0.2648
3879616,3.75,3.4,2.05,0.2543,0.2805
3879615,1.73,3.6,5.25,0.5525,0.2655
3879614,2.75,3.2,2.7,0.3475,0.2986
3879613,5.25,3.5,1.75,0.1818,0.2727
3879612,3.4,3.3,2.2,0.2797,0.2881
3879611,2.3,3.2,3.3,0.414,0.2975
3879610,1.91,3.5,4.2,0.4999,0.2728
3879608,2.2,3.3,3.4,0.4322,0.2881
3879607,1.67,3.75,5.5,0.5718,0.2546
3879606,2.05,3.3,3.8,0.4628,0.2875
3879605,2.25,3.2,3.4,0.4229,0.2973
3879604,4.5,3.6,1.83,0.2124,0.2654
3879603,2.25,3.3,3.3,0.4231,0.2885
3879602,1.22,6.0,15.0,0.7784,0.1583
3879601,2.9,3.1,2.6,0.3278,0.3066
3879600,2.3,3.25,3.25,0.414,0.293
3879599,2.0,3.3,4.0,0.4748,0.2878
3879598,2.9,3.3,2.5,0.3291,0.2892
3879597,1.57,3.8,6.5,0.6043,0.2497
3879596,2.2,3.25,3.3,0.4267,0.2888
3879595,4.2,3.5,1.85,0.2237,0.2684
3879594,1.67,3.6,5.5,0.5658,0.2625
3879593,1.29,5.5,10.0,0.7334,0.172
3879592,1.4,4.33,8.0,0.6674,0.2158
3879591,4.75,3.6,1.75,0.1987,0.2621
3879590,2.0,3.3,3.75,0.4674,0.2833
3879589,2.2,3.4,3.2,0.4283,0.2772
3879588,2.9,3.3,2.38,0.3229,0.2837
3879586,2.0,3.3,4.0,0.4748,0.2878
3879584,1.67,3.75,5.5,0.5718,0.2546
3879583,2.5,3.4,2.8,0.3805,0.2798
3879581,4.5,3.6,1.83,0.2124,0.2654
3879580,1.33,5.0,10.0,0.7148,0.1901
3879578,2.1,3.2,3.8,0.4527,0.2971
3879577,2.4,3.2,3.1,0.3962,0.2971
3879576,3.1,3.2,2.4,0.3067,0.2971
3879575,2.3,3.3,3.2,0.414,0.2885
3879574,2.63,3.2,2.8,0.3622,0.2977
3879573,3.0,3.2,2.45,0.3163,0.2965
3879572,1.73,3.75,5.0,0.5533,0.2553
3879571,1.75,3.6,5.0,0.5446,0.2648
3879570,2.05,3.3,3.8,0.4628,0.2875
3879569,2.5,3.2,3.0,0.3825,0.2988
3879568,2.35,3.2,3.2,0.4051,0.2975
3879565,4.0,3.5,1.95,0.2384,0.2725
3879563,2.4,3.2,3.1,0.3962,0.2971
3879561,1.67,3.6,5.75,0.57,0.2644
3879560,1.29,5.5,11.0,0.7397,0.1735
3879559,1.22,6.0,16.0,0.7815,0.1589
3879558,3.5,3.2,2.2,0.2714,0.2968
3879557,2.1,3.3,3.75,0.4553,0.2897
3879555,2.1,3.4,3.6,0.4543,0.2806
3879554,1.75,3.6,5.0,0.5446,0.2648
3879553,2.2,3.2,3.5,0.4318,0.2968
3879552,2.4,3.1,3.2,0.3962,0.3067
3879551,3.75,3.4,2.05,0.2543,0.2805
3879550,1.8,3.6,4.5,0.5263,0.2632
3879549,3.3,3.2,2.3,0.2885,0.2975
3879548,2.2,3.3,3.4,0.4322,0.2881
3879547,1.25,6.0,12.0,0.7619,0.1587
3879546,2.15,3.3,3.5,0.4413,0.2875
3879545,4.5,3.6,1.83,0.2124,0.2654
3879544,2.15,3.4,3.4,0.4416,0.2792
3879543,1.17,7.0,19.0,0.8139,0.136
3879542,1.33,5.0,10.0,0.7148,0.1901
3879541,1.5,4.0,7.5,0.6349,0.2381
3879540,2.8,3.25,2.6,0.3403,0.2932
3879539,6.5,4.0,1.55,0.1467,0.2383
3879538,1.75,3.75,4.75,0.5449,0.2543
3879537,3.3,3.3,2.25,0.2885,0.2885
3878609,4.5,3.5,1.83,0.2108,0.271
3878604,1.91,3.6,4.0,0.498,0.2642
3878603,2.25,3.3,3.3,0.4231,0.2885
3878602,1.73,3.75,5.0,0.5533,0.2553
3878601,1.83,3.6,4.5,0.5222,0.2654
3878600,2.2,3.3,3.4,0.4322,0.2881
3878599,2.2,3.3,3.4,0.4322,0.2881
3878598,1.53,4.0,7.0,0.6246,0.2389
3878597,5.0,3.6,1.75,0.1906,0.2648
3878596,3.2,3.3,2.3,0.2975,0.2885
3878595,1.62,3.75,6.0,0.5875,0.2538
3878594,1.4,4.5,9.0,0.6818,0.2121
3878593,9.5,4.75,1.36,0.1001,0.2003
3878592,1.67,3.75,5.5,0.5718,0.2546
3878558,1.44,4.5,7.5,0.6614,0.2116
3878557,2.15,3.3,3.6,0.4447,0.2897
3878556,2.5,3.2,3.0,0.3825,0.2988
3878555,2.6,3.2,2.8,0.3648,0.2964
3878554,2.0,3.5,3.8,0.4767,0.2724
3878553,3.4,3.3,2.2,0.2797,0.2881
3878552,4.5,3.5,1.85,0.2119,0.2725
3878551,1.5,4.2,7.0,0.6364,0.2273
3878550,2.25,3.3,3.3,0.4231,0.2885
3878549,2.15,3.25,3.6,0.4427,0.2929
3878548,1.29,5.5,11.0,0.7397,0.1735
3878547,3.5,3.25,2.2,0.2726,0.2936
3878546,4.33,3.75,1.8,0.2193,0.2532
3878545,1.8,3.5,4.75,0.5282,0.2716
3878544,2.2,3.4,3.3,0.4322,0.2797
3878543,1.45,4.33,7.5,0.6544,0.2191
3878542,2.15,3.4,3.5,0.4451,0.2815
3878541,5.5,3.75,1.67,0.1736,0.2546
3878540,1.5,4.2,7.0,0.6364,0.2273
