var,most_responsive,least_responsive,p
Position: CentralDef,0.099,0.254,0.0
Position: WideDef,0.005,0.366,0.0
Position: DefMid,0.786,0.0,0.0
Position: OffMid,0.085,0.091,0.1842
Position: Forward,0.024,0.29,0.0
Game state: trailing,0.09,0.866,0.0
Game state: level,0.486,0.134,0.0
Game state: leading,0.424,0.0,0.0
Age (years),27.528,26.737,0.0
Pre-match win probability,0.349,0.321,0.0001
mean fitted CATE (Q1 most responsive),-0.1351,0.3205,
relative to quartile control mean (Q1 most responsive),-42.1,,
mean fitted CATE (Q4 least responsive),-0.0016,0.2295,
relative to quartile control mean (Q4 least responsive),-0.7,,
