kind,term,coef_ours,coef_irm,se_irm
blp,const,-0.0653,-0.0585,0.0266
blp,pos_WideDef,0.0243,0.0182,0.03
blp,pos_DefMid,-0.0747,-0.0808,0.029
blp,pos_OffMid,-0.0115,-0.0087,0.0394
blp,pos_Forward,0.0125,-0.006,0.0293
blp,gs_trailing,0.0732,0.0807,0.0248
blp,gs_leading,-0.0153,-0.0101,0.0245
blp,age_std,-0.0035,-0.0107,0.0101
blp,age_std_sq,-0.0014,-0.0009,0.007
blp,odds_std,0.0182,0.0213,0.0116
blp,odds_std_sq,-0.0051,-0.0095,0.0095
gate_position,CentralDef,,-0.0502,0.021
gate_position,DefMid,,-0.1299,0.02
gate_position,Forward,,-0.0532,0.0202
gate_position,OffMid,,-0.055,0.033
gate_position,WideDef,,-0.0294,0.0213
gate_game_state,leading,,-0.0887,0.0177
gate_game_state,level,,-0.0858,0.0156
gate_game_state,trailing,,-0.0156,0.0182
