dv,ate_ours,se_ours,ate_pinned,diff_pinned,ate_cluster,se_cluster,p_cluster
opp_directed,-0.2231,0.049,-0.2231,0.0,-0.2273,0.0486,0.0
pressures,-0.1467,0.0415,-0.1467,0.0,-0.1483,0.0413,0.0003
tackles,-0.0032,0.0126,-0.0032,-0.0,-0.0026,0.0126,0.8371
fouls,-0.071,0.0096,-0.071,-0.0,-0.0725,0.0096,0.0
ball_directed,-0.0216,0.0287,-0.0216,0.0,-0.018,0.0287,0.5308
ball_recoveries,0.0013,0.0194,0.0013,0.0,0.0024,0.0194,0.9002
clearances,-0.0228,0.0139,-0.0228,0.0,-0.019,0.0139,0.1712
blocks,-0.0124,0.0117,-0.0124,-0.0,-0.0109,0.0117,0.3532
interceptions,0.0119,0.0106,0.0119,-0.0,0.012,0.0106,0.2549
