dv,control_mean,plr_ate,plr_se,irm_ate,irm_ate_se,irm_ate_p,irm_ate_rel,irm_att,irm_att_se,irm_att_p,irm_att_rel
opp_directed,3.4811,-0.2119,0.0491,-0.1981,0.0501,0.0001,-5.7%,-0.2205,0.0491,0.0,-6.3%
pressures,2.8729,-0.1421,0.0415,-0.124,0.0428,0.0038,-4.3%,-0.1465,0.0414,0.0004,-5.1%
tackles,0.3466,-0.0012,0.0126,0.0,0.013,0.9982,+0.0%,0.0002,0.0126,0.985,+0.1%
fouls,0.2616,-0.0686,0.0096,-0.0678,0.0098,0.0,-25.9%,-0.0692,0.0096,0.0,-26.4%
ball_directed,1.7789,-0.011,0.0288,-0.0208,0.0299,0.486,-1.2%,-0.0066,0.0288,0.8188,-0.4%
ball_recoveries,0.8401,0.0026,0.0194,0.0021,0.0203,0.9187,+0.2%,0.0028,0.0194,0.8837,+0.3%
clearances,0.397,-0.0156,0.014,-0.0053,0.0149,0.7201,-1.3%,-0.0162,0.0141,0.2502,-4.1%
blocks,0.3346,-0.0117,0.0117,-0.0112,0.0123,0.3602,-3.4%,-0.0125,0.0117,0.2864,-3.7%
interceptions,0.2073,0.0132,0.0106,0.0097,0.0106,0.3567,+4.7%,0.0131,0.0106,0.2174,+6.3%
