dv,term,coef,se,p
opp_directed,const,-0.1028,0.1103,0.3514
opp_directed,pos_WideDef,-0.0791,0.1299,0.5427
opp_directed,pos_DefMid,-0.1933,0.1267,0.1272
opp_directed,pos_OffMid,0.1067,0.2253,0.6356
opp_directed,pos_Forward,0.102,0.1387,0.4618
opp_directed,gs_trailing,-0.0328,0.1196,0.7837
opp_directed,gs_leading,-0.2084,0.1274,0.1019
opp_directed,age_std,0.0314,0.0549,0.5672
opp_directed,age_std_sq,0.0075,0.0383,0.8442
opp_directed,odds_std,0.0432,0.057,0.4489
opp_directed,odds_std_sq,-0.0062,0.046,0.8919
pressures,const,0.0121,0.0912,0.8948
pressures,pos_WideDef,-0.1005,0.1042,0.3348
pressures,pos_DefMid,-0.1423,0.1045,0.1732
pressures,pos_OffMid,-0.0071,0.1906,0.9702
pressures,pos_Forward,0.0886,0.1207,0.4627
pressures,gs_trailing,-0.1114,0.0996,0.2633
pressures,gs_leading,-0.1868,0.1082,0.0842
pressures,age_std,0.0375,0.0456,0.4109
pressures,age_std_sq,-0.0017,0.0324,0.9592
pressures,odds_std,0.0268,0.0472,0.5702
pressures,odds_std_sq,-0.0193,0.0391,0.6221
tackles,const,-0.0318,0.0296,0.2825
tackles,pos_WideDef,-0.0203,0.0378,0.5912
tackles,pos_DefMid,0.0152,0.0348,0.6609
tackles,pos_OffMid,0.1139,0.0565,0.0439
tackles,pos_Forward,-0.0039,0.0312,0.9003
tackles,gs_trailing,-0.0005,0.0306,0.9871
tackles,gs_leading,-0.0158,0.0327,0.6296
tackles,age_std,-0.0118,0.0143,0.4106
tackles,age_std_sq,0.0084,0.0095,0.376
tackles,odds_std,0.0006,0.0152,0.9694
tackles,odds_std_sq,0.0175,0.0122,0.1525
fouls,const,-0.0653,0.023,0.0045
fouls,pos_WideDef,0.0243,0.0278,0.3812
fouls,pos_DefMid,-0.0747,0.0242,0.0021
fouls,pos_OffMid,-0.0115,0.0407,0.7772
fouls,pos_Forward,0.0125,0.0291,0.6681
fouls,gs_trailing,0.0732,0.024,0.0023
fouls,gs_leading,-0.0153,0.0234,0.5125
fouls,age_std,-0.0035,0.0105,0.7423
fouls,age_std_sq,-0.0014,0.0067,0.828
fouls,odds_std,0.0182,0.0114,0.1095
fouls,odds_std_sq,-0.0051,0.0092,0.5831
