dv,block,F,df,F_p,BH_q
opp_directed,position,1.19,4,0.3146,0.6293
opp_directed,game_state,1.38,2,0.251,0.6293
opp_directed,age,0.27,2,0.7634,0.7634
opp_directed,odds,0.3,2,0.7374,0.7634
opp_directed,OVERALL_heterogeneity,0.82,10,0.6092,
pressures,position,1.0,4,0.4083,0.8167
pressures,game_state,1.64,2,0.1946,0.7784
pressures,age,0.37,2,0.6893,0.8168
pressures,odds,0.2,2,0.8168,0.8168
pressures,OVERALL_heterogeneity,0.87,10,0.5573,
tackles,position,1.43,4,0.2199,0.6499
tackles,game_state,0.13,2,0.8785,0.8785
tackles,age,0.53,2,0.5905,0.7873
tackles,odds,1.12,2,0.325,0.6499
tackles,OVERALL_heterogeneity,1.0,10,0.4445,
fouls,position,4.31,4,0.0018,0.0046
fouls,game_state,6.09,2,0.0023,0.0046
fouls,age,0.14,2,0.8675,0.8675
fouls,odds,1.28,2,0.2776,0.3701
fouls,OVERALL_heterogeneity,3.08,10,0.0007,
