dv,state,theta,se,p,control_mean,rel
opp_directed,trailing,-0.1642,0.093,0.0776,3.565,-4.6%
opp_directed,level,-0.1314,0.0777,0.0909,3.451,-3.8%
opp_directed,leading,-0.3397,0.0981,0.0005,3.442,-9.9%
pressures,trailing,-0.1557,0.0768,0.0426,2.955,-5.3%
pressures,level,-0.0443,0.0659,0.5016,2.844,-1.6%
pressures,leading,-0.2311,0.0836,0.0057,2.834,-8.2%
tackles,trailing,0.0022,0.0233,0.9253,0.35,+0.6%
tackles,level,0.0027,0.0197,0.8919,0.34,+0.8%
tackles,leading,-0.0131,0.0254,0.6067,0.353,-3.7%
fouls,trailing,-0.0095,0.0197,0.6282,0.261,-3.7%
fouls,level,-0.0827,0.0147,0.0,0.267,-31.0%
fouls,leading,-0.0981,0.0182,0.0,0.255,-38.4%
