dv,pos5,theta,se,p,control_mean,rel
opp_directed,CentralDef,-0.1754,0.0778,0.0241,2.301,-7.6%
opp_directed,WideDef,-0.2545,0.1035,0.014,3.254,-7.8%
opp_directed,DefMid,-0.3687,0.1002,0.0002,4.615,-8.0%
opp_directed,OffMid,-0.0687,0.2097,0.7432,4.089,-1.7%
opp_directed,Forward,-0.0734,0.1147,0.5224,3.413,-2.2%
pressures,CentralDef,-0.0991,0.0623,0.1118,1.777,-5.6%
pressures,WideDef,-0.1996,0.0835,0.0169,2.585,-7.7%
pressures,DefMid,-0.2414,0.0847,0.0044,3.825,-6.3%
pressures,OffMid,-0.1062,0.1785,0.552,3.518,-3.0%
pressures,Forward,-0.0104,0.1033,0.9195,2.946,-0.4%
tackles,CentralDef,-0.0109,0.0229,0.6346,0.321,-3.4%
tackles,WideDef,-0.0312,0.0301,0.2996,0.434,-7.2%
tackles,DefMid,0.0043,0.0266,0.8703,0.453,+1.0%
tackles,OffMid,0.103,0.0509,0.0429,0.3,+34.3%
tackles,Forward,-0.0148,0.0215,0.4902,0.205,-7.2%
fouls,CentralDef,-0.0552,0.0173,0.0014,0.203,-27.2%
fouls,WideDef,-0.0309,0.0223,0.1664,0.235,-13.1%
fouls,DefMid,-0.1299,0.017,0.0,0.336,-38.7%
fouls,OffMid,-0.0667,0.0362,0.0654,0.271,-24.6%
fouls,Forward,-0.0427,0.0236,0.0697,0.262,-16.3%
