learner,dv,ate,se,p
HGB (baseline),opp_directed,-0.2257,0.0488,0.0
HGB (baseline),pressures,-0.1554,0.0413,0.0002
HGB (baseline),tackles,-0.0024,0.0126,0.8506
HGB (baseline),fouls,-0.0716,0.0096,0.0
HGB (baseline),ball_directed,-0.0176,0.0287,0.5405
HGB (baseline),ball_recoveries,0.0022,0.0193,0.9079
HGB (baseline),clearances,-0.0214,0.014,0.1259
HGB (baseline),blocks,-0.0114,0.0118,0.3321
HGB (baseline),interceptions,0.0119,0.0106,0.2619
HGB (deeper),opp_directed,-0.2288,0.0488,0.0
HGB (deeper),pressures,-0.1518,0.0412,0.0002
HGB (deeper),tackles,-0.0017,0.0126,0.8945
HGB (deeper),fouls,-0.0709,0.0097,0.0
HGB (deeper),ball_directed,-0.018,0.0288,0.5321
HGB (deeper),ball_recoveries,0.0025,0.0193,0.8981
HGB (deeper),clearances,-0.0227,0.014,0.1045
HGB (deeper),blocks,-0.0116,0.0117,0.3243
HGB (deeper),interceptions,0.0115,0.0106,0.2788
Random forest,opp_directed,-0.2212,0.0489,0.0
Random forest,pressures,-0.1456,0.0412,0.0004
Random forest,tackles,-0.0002,0.0126,0.9883
Random forest,fouls,-0.0715,0.0096,0.0
Random forest,ball_directed,-0.018,0.0288,0.5325
Random forest,ball_recoveries,0.0003,0.0193,0.9888
Random forest,clearances,-0.0224,0.014,0.1104
Random forest,blocks,-0.0107,0.0117,0.3621
Random forest,interceptions,0.0122,0.0106,0.2501
Linear (logit / ridge),opp_directed,-0.221,0.0485,0.0
Linear (logit / ridge),pressures,-0.1453,0.0409,0.0004
Linear (logit / ridge),tackles,-0.0038,0.0126,0.7633
Linear (logit / ridge),fouls,-0.0719,0.0096,0.0
Linear (logit / ridge),ball_directed,-0.0211,0.0287,0.4611
Linear (logit / ridge),ball_recoveries,0.005,0.0193,0.7962
Linear (logit / ridge),clearances,-0.0255,0.014,0.0684
Linear (logit / ridge),blocks,-0.0128,0.0118,0.2769
Linear (logit / ridge),interceptions,0.0121,0.0106,0.2528
