seed,dv,ate
0,opp_directed,-0.22574434154132905
0,pressures,-0.15542517036600917
0,tackles,-0.002367671121344299
0,fouls,-0.07157342788551307
0,ball_directed,-0.017564229346538472
0,ball_recoveries,0.0022376321368847247
0,clearances,-0.021374335972208443
0,blocks,-0.011403183316245348
0,interceptions,0.011897961520786074
1,opp_directed,-0.21707531329426114
1,pressures,-0.13496798829544399
1,tackles,-0.0035429499213763794
1,fouls,-0.07252293144517821
1,ball_directed,-0.017489643080482287
1,ball_recoveries,0.0016683633300314268
1,clearances,-0.019508573121763347
1,blocks,-0.011556774553083583
1,interceptions,0.012467072776370077
2,opp_directed,-0.22685392367036808
2,pressures,-0.1515766382059146
2,tackles,-0.0023182026923978505
2,fouls,-0.07239258382842138
2,ball_directed,-0.017640666166722208
2,ball_recoveries,0.002860048217354111
2,clearances,-0.021672400777871657
2,blocks,-0.012441249894216038
2,interceptions,0.011796550296341555
3,opp_directed,-0.2242233237098514
3,pressures,-0.15595024611580302
3,tackles,-0.003474318405198426
3,fouls,-0.07164795742631984
3,ball_directed,-0.020529580208438935
3,ball_recoveries,0.0006372092411223609
3,clearances,-0.02233737602240322
3,blocks,-0.011849439763922009
3,interceptions,0.011107419902578587
4,opp_directed,-0.22583718452199267
4,pressures,-0.15119178669834196
4,tackles,-0.002163506745768203
4,fouls,-0.07216203829047466
4,ball_directed,-0.013827266917695112
4,ball_recoveries,0.0031786343662311297
4,clearances,-0.020774169795147908
4,blocks,-0.009404283309543114
4,interceptions,0.01315810559938998
5,opp_directed,-0.2210805760840886
5,pressures,-0.1478850546060533
5,tackles,-0.004232438547374322
5,fouls,-0.07171357603939492
5,ball_directed,-0.017681684908446613
5,ball_recoveries,0.004303251414392392
5,clearances,-0.023788760317680523
5,blocks,-0.01170399618351767
5,interceptions,0.01053141371189729
6,opp_directed,-0.2175934415772212
6,pressures,-0.1414403137679201
6,tackles,-0.002719456190379817
6,fouls,-0.07088614666244829
6,ball_directed,-0.017018412386256933
6,ball_recoveries,0.001705867184720448
6,clearances,-0.02369966068161452
6,blocks,-0.011038362301897552
6,interceptions,0.013101215416681054
7,opp_directed,-0.2270251764025795
7,pressures,-0.14709792569691416
7,tackles,-0.0012345166077553558
7,fouls,-0.07272261230747623
7,ball_directed,-0.016834977092417745
7,ball_recoveries,0.0027744805079370377
7,clearances,-0.021381325274313044
7,blocks,-0.010683803250447415
7,interceptions,0.012475769442575701
8,opp_directed,-0.228239283335514
8,pressures,-0.153526310969834
8,tackles,-0.0031690813306129327
8,fouls,-0.07200157022269556
8,ball_directed,-0.016258838487425594
8,ball_recoveries,0.0016393040924221986
8,clearances,-0.02032584774915402
8,blocks,-0.010859345769637605
8,interceptions,0.012714465608769345
9,opp_directed,-0.23031776056469666
9,pressures,-0.15757098744526712
9,tackles,-0.004787799270759777
9,fouls,-0.07198024799542446
9,ball_directed,-0.01685662894065459
9,ball_recoveries,0.0010335734333574921
9,clearances,-0.02297016863155326
9,blocks,-0.01242373185864741
9,interceptions,0.013232168031228467
10,opp_directed,-0.22918563914181087
10,pressures,-0.14811842342833956
10,tackles,-0.0029373817097355843
10,fouls,-0.0713408099535749
10,ball_directed,-0.01647379307712747
10,ball_recoveries,0.0027007072542307047
10,clearances,-0.020627227064069553
10,blocks,-0.011561894457826521
10,interceptions,0.012730145858031686
11,opp_directed,-0.23394684129645058
11,pressures,-0.15148267211431996
11,tackles,-0.0028131775966170874
11,fouls,-0.07229590472252036
11,ball_directed,-0.01762257493498947
11,ball_recoveries,0.001778303579658135
11,clearances,-0.02206389069986332
11,blocks,-0.009639193662524727
11,interceptions,0.01107567720819169
12,opp_directed,-0.23695776907098848
12,pressures,-0.1629660171304091
12,tackles,-0.0002140759666087974
12,fouls,-0.07227077819658854
12,ball_directed,-0.019243637409038252
12,ball_recoveries,0.0034756020079678308
12,clearances,-0.02133788905809071
12,blocks,-0.011657697718947783
12,interceptions,0.011994082961968683
13,opp_directed,-0.21924099735932154
13,pressures,-0.14779400447995789
13,tackles,-0.0035766551381467455
13,fouls,-0.07034598260566789
13,ball_directed,-0.02099076048857916
13,ball_recoveries,0.0010358397291702565
13,clearances,-0.023266996827228593
13,blocks,-0.010692907761895366
13,interceptions,0.012620931255023187
14,opp_directed,-0.22410669770623012
14,pressures,-0.14857174553237557
14,tackles,-0.0033429278596926165
14,fouls,-0.07159200765647439
14,ball_directed,-0.017729998656582265
14,ball_recoveries,0.0022003702274682596
14,clearances,-0.024348085449007552
14,blocks,-0.010812451423600032
14,interceptions,0.012312965763473058
15,opp_directed,-0.2277579794302446
15,pressures,-0.1498633959226215
15,tackles,-0.0027139639093094192
15,fouls,-0.07320550374115073
15,ball_directed,-0.019478426722509806
15,ball_recoveries,-0.0007328421868851995
15,clearances,-0.02331255988159005
15,blocks,-0.010100064852355338
15,interceptions,0.012487265892347952
16,opp_directed,-0.22206091047713133
16,pressures,-0.14377910296100052
16,tackles,-0.0023622167740364993
16,fouls,-0.0713497202596193
16,ball_directed,-0.01596907762907446
16,ball_recoveries,0.0032801907385678333
16,clearances,-0.020959809256843476
16,blocks,-0.011660160151489208
16,interceptions,0.013029828745718034
17,opp_directed,-0.2258593164691361
17,pressures,-0.1600393455188453
17,tackles,-0.002055738098897386
17,fouls,-0.0710100112481648
17,ball_directed,-0.019181994167227226
17,ball_recoveries,0.001884664873966069
17,clearances,-0.022974869020625576
17,blocks,-0.010455237001958998
17,interceptions,0.012350064651038186
18,opp_directed,-0.2208430474624818
18,pressures,-0.14565879651914262
18,tackles,-0.0022515234674282563
18,fouls,-0.07137532042656333
18,ball_directed,-0.014646501191006786
18,ball_recoveries,0.00015018046273586005
18,clearances,-0.020473840483959897
18,blocks,-0.010712922153244217
18,interceptions,0.012194154572084382
19,opp_directed,-0.22270236005738425
19,pressures,-0.1423815191967895
19,tackles,-0.0016077054988406728
19,fouls,-0.07147293497120508
19,ball_directed,-0.017527852643752676
19,ball_recoveries,0.0015123977607681208
19,clearances,-0.0202719294467014
19,blocks,-0.010690666091971337
19,interceptions,0.012995835515968883
