window,dv,control_p,ate_pp,se_pp,p,rel,lee_lo_pp,lee_hi_pp,lee_lo_se_pp,lee_hi_se_pp,zero_excluded,im_c,ci_lo_pp,ci_hi_pp,zero_excluded_ci
45-50,any_opp_directed,0.6426,-1.85,0.91,0.0421,-2.9%,-3.32,-0.87,0.91,0.91,True,1.645,-4.82,0.63,False
45-50,any_ball_directed,0.4774,0.2,0.96,0.836,+0.4%,-1.26,1.47,0.96,0.96,False,1.645,-2.84,3.05,False
45-50,any_pressure,0.623,-1.83,0.92,0.0457,-2.9%,-3.3,-0.96,0.92,0.92,True,1.645,-4.81,0.55,False
45-50,any_tackle,0.1173,0.43,0.64,0.5054,+3.6%,0.01,2.74,0.64,0.64,True,1.645,-1.04,3.79,False
45-50,any_foul,0.0942,-2.54,0.52,0.0,-26.9%,-2.83,-0.16,0.52,0.52,True,1.645,-3.69,0.7,False
45-50,any_recovery,0.2731,0.26,0.89,0.7711,+0.9%,-0.5,2.13,0.89,0.89,False,1.645,-1.96,3.59,False
45-50,any_clearance,0.127,0.89,0.67,0.1809,+7.0%,0.45,3.11,0.67,0.66,True,1.645,-0.65,4.2,False
45-50,any_block,0.1196,-1.45,0.61,0.0179,-12.2%,-1.77,0.92,0.62,0.61,False,1.645,-2.79,1.92,False
45-50,any_interception,0.076,0.65,0.54,0.2345,+8.5%,0.47,3.15,0.54,0.54,True,1.645,-0.42,4.04,False
45-60,any_opp_directed,0.8956,0.61,0.56,0.2718,+0.7%,-4.01,1.2,0.55,0.56,False,1.645,-4.91,2.12,False
45-60,any_ball_directed,0.7933,0.56,0.78,0.4776,+0.7%,-3.91,1.71,0.78,0.78,False,1.645,-5.19,2.99,False
45-60,any_pressure,0.8801,0.54,0.6,0.3618,+0.6%,-3.99,1.2,0.59,0.6,False,1.645,-4.96,2.19,False
45-60,any_tackle,0.2791,0.21,0.9,0.8201,+0.7%,-1.4,4.66,0.91,0.9,False,1.645,-2.9,6.14,False
45-60,any_foul,0.227,-5.65,0.78,0.0,-24.9%,-7.15,-1.04,0.79,0.78,True,1.645,-8.45,0.24,False
45-60,any_recovery,0.5527,0.63,1.01,0.5301,+1.1%,-2.59,3.32,1.01,1.01,False,1.645,-4.25,4.98,False
45-60,any_clearance,0.277,-0.39,0.85,0.6446,-1.4%,-1.93,3.94,0.85,0.85,False,1.645,-3.33,5.34,False
45-60,any_block,0.2767,-0.4,0.9,0.6556,-1.4%,-2.15,3.96,0.9,0.89,False,1.645,-3.63,5.42,False
45-60,any_interception,0.1791,0.75,0.81,0.3511,+4.2%,-0.32,5.66,0.81,0.8,False,1.645,-1.65,6.98,False
45-70,any_opp_directed,0.9601,-0.03,0.39,0.928,-0.0%,-3.4,0.28,0.38,0.39,False,1.645,-4.03,0.92,False
45-70,any_ball_directed,0.9079,0.29,0.57,0.6063,+0.3%,-5.24,0.88,0.56,0.57,False,1.645,-6.16,1.82,False
45-70,any_pressure,0.9506,-0.17,0.43,0.6922,-0.2%,-4.26,0.23,0.43,0.44,False,1.645,-4.97,0.95,False
45-70,any_tackle,0.3986,-0.08,1.04,0.9399,-0.2%,-3.94,5.11,1.04,1.04,False,1.645,-5.65,6.82,False
45-70,any_foul,0.3307,-8.15,0.95,0.0,-24.6%,-11.28,-2.09,0.95,0.94,True,1.645,-12.84,-0.54,True
45-70,any_recovery,0.7093,-0.14,0.95,0.8862,-0.2%,-6.61,2.35,0.94,0.96,False,1.645,-8.16,3.93,False
45-70,any_clearance,0.392,1.69,0.94,0.074,+4.3%,-1.76,7.28,0.94,0.94,False,1.645,-3.31,8.83,False
45-70,any_block,0.397,-0.42,1.03,0.6839,-1.1%,-4.16,4.89,1.03,1.03,False,1.645,-5.85,6.58,False
45-70,any_interception,0.2629,0.38,0.96,0.69,+1.5%,-2.15,7.08,0.96,0.97,False,1.645,-3.73,8.68,False
45-80,any_opp_directed,0.9809,-0.19,0.31,0.5436,-0.2%,-1.87,-0.05,0.3,0.31,True,1.645,-2.36,0.46,False
45-80,any_ball_directed,0.9568,0.24,0.42,0.577,+0.2%,-2.17,0.49,0.42,0.43,False,1.645,-2.86,1.2,False
45-80,any_pressure,0.9745,-0.6,0.37,0.1042,-0.6%,-2.88,-0.39,0.37,0.37,True,1.645,-3.49,0.22,False
45-80,any_tackle,0.4972,-1.44,1.11,0.1947,-2.9%,-7.59,4.04,1.11,1.11,False,1.645,-9.42,5.87,False
45-80,any_foul,0.4155,-10.5,1.07,0.0,-25.3%,-15.44,-3.86,1.08,1.07,True,1.645,-17.22,-2.1,True
45-80,any_recovery,0.8021,-0.18,0.89,0.8374,-0.2%,-9.04,1.96,0.88,0.9,False,1.645,-10.49,3.44,False
45-80,any_clearance,0.4879,1.06,0.99,0.2826,+2.2%,-4.64,6.61,0.99,1.0,False,1.645,-6.27,8.26,False
45-80,any_block,0.4924,0.49,1.13,0.663,+1.0%,-5.39,6.22,1.14,1.14,False,1.645,-7.27,8.1,False
45-80,any_interception,0.3398,0.53,1.06,0.6192,+1.6%,-3.57,7.78,1.07,1.07,False,1.645,-5.33,9.54,False
45-90,any_opp_directed,0.9915,-0.04,0.2,0.831,-0.0%,-0.74,0.04,0.2,0.2,False,1.645,-1.07,0.37,False
45-90,any_ball_directed,0.9815,0.14,0.27,0.604,+0.1%,-1.04,0.27,0.26,0.27,False,1.645,-1.47,0.71,False
45-90,any_pressure,0.9875,-0.37,0.28,0.1821,-0.4%,-1.44,-0.23,0.27,0.28,True,1.645,-1.88,0.23,False
45-90,any_tackle,0.5999,-1.7,1.14,0.1358,-2.8%,-10.02,3.28,1.15,1.15,False,1.645,-11.91,5.17,False
45-90,any_foul,0.5051,-11.5,1.18,0.0,-22.8%,-18.28,-4.73,1.18,1.18,True,1.645,-20.22,-2.79,True
45-90,any_recovery,0.8778,0.31,0.76,0.6771,+0.4%,-8.09,1.78,0.74,0.76,False,1.645,-9.31,3.03,False
45-90,any_clearance,0.5887,1.95,1.01,0.0535,+3.3%,-5.96,7.15,1.01,1.02,False,1.645,-7.62,8.83,False
45-90,any_block,0.593,-0.13,1.15,0.9104,-0.2%,-8.39,4.99,1.16,1.15,False,1.645,-10.3,6.88,False
45-90,any_interception,0.4184,0.32,1.16,0.7814,+0.8%,-5.6,7.71,1.17,1.16,False,1.645,-7.52,9.62,False
