window,dv,n,treated,control_mean,ate,se,p,rel,lee_lo,lee_hi,lee_lo_se,lee_hi_se,lee_lo_rel,lee_hi_rel,im_c,ci_lo,ci_hi,ci_lo_rel,ci_hi_rel
45-50,opp_directed,45233,2835,1.386,-0.1114,0.0282,0.0001,-8.0%,-0.1435,0.0079,0.0281,0.0278,-10.4%,+0.6%,1.645,-0.1897,0.0536,-13.7,3.9
45-50,pressures,45233,2835,1.159,-0.0899,0.0233,0.0001,-7.8%,-0.1149,0.0091,0.0232,0.023,-9.9%,+0.8%,1.645,-0.1531,0.0469,-13.2,4.0
45-50,tackles,45233,2835,0.128,0.0058,0.0076,0.4457,+4.5%,0.0024,0.0385,0.0076,0.0075,+1.9%,+30.0%,1.645,-0.0101,0.0508,-7.9,39.7
45-50,fouls,45233,2835,0.099,-0.027,0.0056,0.0,-27.2%,-0.0297,0.0011,0.0057,0.0056,-29.9%,+1.2%,1.645,-0.0391,0.0103,-39.5,10.4
45-50,ball_directed,45233,2835,0.687,0.0009,0.0172,0.9568,+0.1%,-0.0195,0.0684,0.0172,0.0171,-2.8%,+10.0%,1.645,-0.0478,0.0965,-7.0,14.0
45-50,ball_recoveries,45233,2835,0.326,0.0052,0.0118,0.658,+1.6%,-0.0049,0.0522,0.0118,0.0117,-1.5%,+16.0%,1.645,-0.0243,0.0714,-7.5,21.9
45-50,clearances,45233,2835,0.15,0.0041,0.0081,0.6169,+2.7%,-0.0003,0.0456,0.0081,0.008,-0.2%,+30.4%,1.645,-0.0136,0.0588,-9.1,39.2
45-50,blocks,45233,2835,0.13,-0.0157,0.0069,0.0238,-12.1%,-0.0193,0.0168,0.007,0.0068,-14.9%,+12.9%,1.645,-0.0308,0.028,-23.7,21.5
45-50,interceptions,45233,2835,0.08,0.0089,0.0063,0.1628,+11.1%,0.0065,0.038,0.0064,0.0063,+8.1%,+47.5%,1.645,-0.004,0.0484,-5.0,60.5
45-60,opp_directed,43527,2650,3.481,-0.2119,0.0491,0.0,-6.1%,-0.3925,0.1666,0.0492,0.0489,-11.3%,+4.8%,1.645,-0.4734,0.247,-13.6,7.1
45-60,pressures,43527,2650,2.873,-0.1421,0.0415,0.0006,-4.9%,-0.2861,0.1776,0.0414,0.0411,-10.0%,+6.2%,1.645,-0.3542,0.2452,-12.3,8.5
45-60,tackles,43527,2650,0.347,-0.0012,0.0126,0.9262,-0.3%,-0.0231,0.1034,0.0126,0.0124,-6.7%,+29.8%,1.645,-0.0438,0.1238,-12.6,35.7
45-60,fouls,43527,2650,0.262,-0.0686,0.0096,0.0,-26.2%,-0.0838,0.0142,0.0096,0.0094,-32.0%,+5.4%,1.645,-0.0996,0.0297,-38.0,11.3
45-60,ball_directed,43527,2650,1.779,-0.011,0.0288,0.7033,-0.6%,-0.1138,0.1953,0.0287,0.0286,-6.4%,+11.0%,1.645,-0.161,0.2423,-9.1,13.6
45-60,ball_recoveries,43527,2650,0.84,0.0026,0.0194,0.894,+0.3%,-0.0459,0.1417,0.0194,0.0191,-5.5%,+16.9%,1.645,-0.0778,0.1731,-9.3,20.6
45-60,clearances,43527,2650,0.397,-0.0156,0.014,0.265,-3.9%,-0.0358,0.101,0.0141,0.0139,-9.0%,+25.4%,1.645,-0.059,0.1239,-14.9,31.2
45-60,blocks,43527,2650,0.335,-0.0117,0.0117,0.3177,-3.5%,-0.0323,0.0873,0.0117,0.0114,-9.6%,+26.1%,1.645,-0.0515,0.1061,-15.4,31.7
45-60,interceptions,43527,2650,0.207,0.0132,0.0106,0.2121,+6.4%,0.0012,0.0958,0.0106,0.0105,+0.6%,+46.2%,1.645,-0.0162,0.1131,-7.8,54.6
45-70,opp_directed,40002,2378,5.373,-0.3967,0.0677,0.0,-7.4%,-0.7335,0.3046,0.0675,0.067,-13.7%,+5.7%,1.645,-0.8445,0.4148,-15.7,7.7
45-70,pressures,40002,2378,4.409,-0.2577,0.0572,0.0,-5.8%,-0.5587,0.3201,0.0574,0.057,-12.7%,+7.3%,1.645,-0.6531,0.4139,-14.8,9.4
45-70,tackles,40002,2378,0.551,-0.0145,0.0167,0.384,-2.6%,-0.0669,0.1587,0.0168,0.0164,-12.1%,+28.8%,1.645,-0.0945,0.1857,-17.2,33.7
45-70,fouls,40002,2378,0.413,-0.1138,0.0128,0.0,-27.6%,-0.1526,0.0282,0.0129,0.0125,-37.0%,+6.8%,1.645,-0.1738,0.0488,-42.1,11.8
45-70,ball_directed,40002,2378,2.859,-0.0173,0.04,0.6659,-0.6%,-0.2466,0.3574,0.04,0.0395,-8.6%,+12.5%,1.645,-0.3124,0.4224,-10.9,14.8
45-70,ball_recoveries,40002,2378,1.333,-0.0197,0.0261,0.45,-1.5%,-0.1413,0.2247,0.0261,0.0258,-10.6%,+16.8%,1.645,-0.1842,0.2671,-13.8,20.0
45-70,clearances,40002,2378,0.664,0.0171,0.0206,0.4051,+2.6%,-0.0371,0.2214,0.0207,0.0203,-5.6%,+33.4%,1.645,-0.0712,0.2548,-10.7,38.4
45-70,blocks,40002,2378,0.531,-0.023,0.0158,0.1453,-4.3%,-0.0729,0.1403,0.0158,0.0154,-13.7%,+26.4%,1.645,-0.0989,0.1656,-18.6,31.2
45-70,interceptions,40002,2378,0.33,0.0093,0.0142,0.5139,+2.8%,-0.0235,0.1509,0.0143,0.0142,-7.1%,+45.7%,1.645,-0.047,0.1743,-14.2,52.8
45-80,opp_directed,35935,2100,7.134,-0.5692,0.0871,0.0,-8.0%,-1.1201,0.4136,0.0874,0.0868,-15.7%,+5.8%,1.645,-1.2639,0.5564,-17.7,7.8
45-80,pressures,35935,2100,5.814,-0.3526,0.0737,0.0,-6.1%,-0.7969,0.4526,0.0737,0.0737,-13.7%,+7.8%,1.645,-0.9181,0.5738,-15.8,9.9
45-80,tackles,35935,2100,0.759,-0.0406,0.0207,0.05,-5.4%,-0.1415,0.195,0.0208,0.0206,-18.6%,+25.7%,1.645,-0.1757,0.2289,-23.1,30.2
45-80,fouls,35935,2100,0.56,-0.1664,0.0162,0.0,-29.7%,-0.2361,0.0305,0.0163,0.0156,-42.1%,+5.4%,1.645,-0.2629,0.0562,-46.9,10.0
45-80,ball_directed,35935,2100,3.955,-0.0492,0.053,0.3532,-1.2%,-0.3902,0.4874,0.0528,0.0528,-9.9%,+12.3%,1.645,-0.4771,0.5743,-12.1,14.5
45-80,ball_recoveries,35935,2100,1.809,-0.0406,0.0342,0.2348,-2.2%,-0.2441,0.295,0.034,0.0339,-13.5%,+16.3%,1.645,-0.3,0.3508,-16.6,19.4
45-80,clearances,35935,2100,0.96,0.0005,0.0269,0.9846,+0.1%,-0.1101,0.2961,0.0271,0.0268,-11.5%,+30.8%,1.645,-0.1547,0.3402,-16.1,35.4
45-80,blocks,35935,2100,0.725,-0.0152,0.0202,0.4516,-2.1%,-0.1042,0.2051,0.0204,0.0198,-14.4%,+28.3%,1.645,-0.1378,0.2377,-19.0,32.8
45-80,interceptions,35935,2100,0.461,0.0163,0.0178,0.3581,+3.5%,-0.0413,0.2113,0.0179,0.0177,-9.0%,+45.9%,1.645,-0.0707,0.2404,-15.3,52.1
45-90,opp_directed,32774,1889,9.298,-0.8162,0.1111,0.0,-8.8%,-1.5598,0.5227,0.1101,0.11,-16.8%,+5.6%,1.645,-1.7409,0.7037,-18.7,7.6
45-90,pressures,32774,1889,7.514,-0.5234,0.0936,0.0,-7.0%,-1.1217,0.6054,0.0938,0.0932,-14.9%,+8.1%,1.645,-1.276,0.7587,-17.0,10.1
45-90,tackles,32774,1889,1.038,-0.067,0.026,0.01,-6.5%,-0.2182,0.2495,0.0261,0.0257,-21.0%,+24.0%,1.645,-0.2611,0.2918,-25.2,28.1
45-90,fouls,32774,1889,0.747,-0.2205,0.0201,0.0,-29.5%,-0.324,0.0343,0.0204,0.0196,-43.4%,+4.6%,1.645,-0.3576,0.0665,-47.9,8.9
45-90,ball_directed,32774,1889,5.443,-0.0011,0.0663,0.9866,-0.0%,-0.4949,0.7079,0.0659,0.0657,-9.1%,+13.0%,1.645,-0.6033,0.816,-11.1,15.0
45-90,ball_recoveries,32774,1889,2.437,-0.0382,0.0429,0.3733,-1.6%,-0.3393,0.4137,0.0427,0.0428,-13.9%,+17.0%,1.645,-0.4095,0.4841,-16.8,19.9
45-90,clearances,32774,1889,1.412,0.0532,0.0377,0.1573,+3.8%,-0.1283,0.4702,0.0378,0.0373,-9.1%,+33.3%,1.645,-0.1905,0.5316,-13.5,37.6
45-90,blocks,32774,1889,0.975,-0.0132,0.0254,0.6039,-1.4%,-0.1533,0.2718,0.0255,0.0249,-15.7%,+27.9%,1.645,-0.1952,0.3128,-20.0,32.1
45-90,interceptions,32774,1889,0.619,-0.004,0.0214,0.8527,-0.6%,-0.0944,0.2462,0.0217,0.0212,-15.2%,+39.7%,1.645,-0.1301,0.2811,-21.0,45.4
