dv,control_mean,ate,p,cond_lo,cond_hi,cond_lo_rel,cond_hi_rel
opp_directed,3.481,-0.2119,0.0,-0.3925,0.1666,-11.3%,+4.8%
pressures,2.873,-0.1421,0.0006,-0.2861,0.1776,-10.0%,+6.2%
tackles,0.347,-0.0012,0.9262,-0.0231,0.1034,-6.7%,+29.8%
fouls,0.262,-0.0686,0.0,-0.0838,0.0142,-32.0%,+5.4%
ball_directed,1.779,-0.011,0.7033,-0.1138,0.1953,-6.4%,+11.0%
ball_recoveries,0.84,0.0026,0.894,-0.0459,0.1417,-5.5%,+16.9%
clearances,0.397,-0.0156,0.265,-0.0358,0.101,-9.0%,+25.4%
blocks,0.335,-0.0117,0.3177,-0.0323,0.0873,-9.6%,+26.1%
interceptions,0.207,0.0132,0.2121,0.0012,0.0958,+0.6%,+46.2%
