dv,control_mean,ate,se,p,rel,lee_lo,lee_hi,lee_lo_rel,lee_hi_rel
opp_directed,3.481,-0.2118,0.0489,0.0,-6.1%,-0.3719,0.2029,-10.7%,+5.8%
pressures,2.873,-0.1404,0.0415,0.0007,-4.9%,-0.2789,0.2052,-9.7%,+7.1%
tackles,0.347,-0.0007,0.0125,0.9571,-0.2%,-0.0209,0.1179,-6.0%,+34.0%
fouls,0.262,-0.0694,0.0096,0.0,-26.5%,-0.0841,0.0171,-32.2%,+6.5%
ball_directed,1.779,-0.0098,0.0288,0.7332,-0.6%,-0.0949,0.2162,-5.3%,+12.2%
ball_recoveries,0.84,0.0036,0.0193,0.8539,+0.4%,-0.0426,0.1561,-5.1%,+18.6%
clearances,0.397,-0.0164,0.0141,0.2433,-4.1%,-0.0344,0.1165,-8.7%,+29.3%
blocks,0.335,-0.0112,0.0117,0.3367,-3.4%,-0.0323,0.0942,-9.6%,+28.2%
interceptions,0.207,0.0138,0.0106,0.1943,+6.6%,0.0024,0.0975,+1.1%,+47.0%
