window,dv,n,treated,control_mean,ate,se,p,rel
45-50,opp_directed,45233,2835,1.386,-0.1122,0.0281,0.0001,-8.1%
45-50,pressures,45233,2835,1.159,-0.0863,0.0232,0.0002,-7.4%
45-50,tackles,45233,2835,0.128,0.0048,0.0076,0.529,+3.7%
45-50,fouls,45233,2835,0.099,-0.028,0.0057,0.0,-28.2%
45-50,ball_directed,45233,2835,0.687,-0.0057,0.0172,0.7419,-0.8%
45-50,ball_recoveries,45233,2835,0.326,0.0031,0.0118,0.7939,+0.9%
45-50,clearances,45233,2835,0.15,0.0001,0.0081,0.9915,+0.1%
45-50,blocks,45233,2835,0.13,-0.0156,0.0069,0.025,-12.0%
45-50,interceptions,45233,2835,0.08,0.0078,0.0064,0.2183,+9.8%
45-60,opp_directed,43527,2650,3.481,-0.2231,0.049,0.0,-6.4%
45-60,pressures,43527,2650,2.873,-0.1467,0.0415,0.0004,-5.1%
45-60,tackles,43527,2650,0.347,-0.0032,0.0126,0.7965,-0.9%
45-60,fouls,43527,2650,0.262,-0.071,0.0096,0.0,-27.2%
45-60,ball_directed,43527,2650,1.779,-0.0216,0.0287,0.4524,-1.2%
45-60,ball_recoveries,43527,2650,0.84,0.0013,0.0194,0.9452,+0.2%
45-60,clearances,43527,2650,0.397,-0.0228,0.0139,0.1021,-5.7%
45-60,blocks,43527,2650,0.335,-0.0124,0.0117,0.2896,-3.7%
45-60,interceptions,43527,2650,0.207,0.0119,0.0106,0.2606,+5.7%
45-70,opp_directed,40002,2378,5.373,-0.3957,0.0673,0.0,-7.4%
45-70,pressures,40002,2378,4.409,-0.2537,0.0569,0.0,-5.8%
45-70,tackles,40002,2378,0.551,-0.0167,0.0167,0.3178,-3.0%
45-70,fouls,40002,2378,0.413,-0.1172,0.0128,0.0,-28.4%
45-70,ball_directed,40002,2378,2.859,-0.0304,0.04,0.4474,-1.1%
45-70,ball_recoveries,40002,2378,1.333,-0.0206,0.0261,0.4307,-1.5%
45-70,clearances,40002,2378,0.664,0.0024,0.0204,0.9066,+0.4%
45-70,blocks,40002,2378,0.531,-0.0215,0.0158,0.1731,-4.1%
45-70,interceptions,40002,2378,0.33,0.006,0.0142,0.6755,+1.8%
45-80,opp_directed,35935,2100,7.134,-0.5627,0.087,0.0,-7.9%
45-80,pressures,35935,2100,5.814,-0.349,0.0743,0.0,-6.0%
45-80,tackles,35935,2100,0.759,-0.0434,0.0207,0.0356,-5.7%
45-80,fouls,35935,2100,0.56,-0.171,0.0162,0.0,-30.5%
45-80,ball_directed,35935,2100,3.955,-0.0626,0.0529,0.2364,-1.6%
45-80,ball_recoveries,35935,2100,1.809,-0.0411,0.0341,0.2275,-2.3%
45-80,clearances,35935,2100,0.96,-0.0222,0.0264,0.3999,-2.3%
45-80,blocks,35935,2100,0.725,-0.0139,0.0203,0.4939,-1.9%
45-80,interceptions,35935,2100,0.461,0.0129,0.0178,0.4673,+2.8%
45-90,opp_directed,32774,1889,9.298,-0.8071,0.1118,0.0,-8.7%
45-90,pressures,32774,1889,7.514,-0.5238,0.0937,0.0,-7.0%
45-90,tackles,32774,1889,1.038,-0.0665,0.0261,0.0108,-6.4%
45-90,fouls,32774,1889,0.747,-0.2245,0.0202,0.0,-30.1%
45-90,ball_directed,32774,1889,5.443,-0.034,0.0663,0.608,-0.6%
45-90,ball_recoveries,32774,1889,2.437,-0.0363,0.0428,0.3969,-1.5%
45-90,clearances,32774,1889,1.412,0.0259,0.0368,0.4804,+1.8%
45-90,blocks,32774,1889,0.975,-0.014,0.0254,0.5825,-1.4%
45-90,interceptions,32774,1889,0.619,-0.0099,0.0215,0.6437,-1.6%
